seed,step,eval_return
0,1000,37.2
0,2000,28.6
0,3000,42.0
0,4000,76.8
0,5000,134.2
0,6000,74.4
0,7000,114.8
0,8000,178.0
0,9000,204.4
0,10000,159.2
0,11000,157.8
0,12000,115.6
0,13000,130.0
0,14000,159.2
0,15000,224.4
0,16000,129.0
0,17000,213.4
0,18000,203.2
0,19000,182.6
0,20000,272.2
0,21000,178.2
0,22000,100.0
0,23000,178.2
0,24000,200.2
0,25000,114.2
0,26000,139.2
0,27000,109.0
0,28000,204.6
0,29000,214.4
0,30000,268.4
0,31000,427.2
0,32000,454.0
0,33000,394.8
0,34000,435.2
0,35000,366.2
0,36000,413.0
0,37000,336.0
0,38000,258.4
0,39000,421.8
0,40000,377.8
0,41000,481.6
0,42000,465.4
0,43000,398.6
0,44000,445.0
0,45000,498.8
0,46000,412.4
0,47000,500.0
0,48000,421.6
0,49000,433.8
0,50000,462.4
1,1000,40.6
1,2000,40.8
1,3000,36.6
1,4000,32.2
1,5000,51.2
1,6000,70.6
1,7000,95.0
1,8000,97.2
1,9000,85.8
1,10000,141.6
1,11000,171.0
1,12000,87.6
1,13000,171.6
1,14000,219.2
1,15000,226.4
1,16000,219.2
1,17000,80.6
1,18000,153.6
1,19000,215.0
1,20000,218.2
1,21000,230.2
1,22000,222.4
1,23000,140.0
1,24000,156.4
1,25000,313.6
1,26000,200.4
1,27000,382.6
1,28000,324.0
1,29000,148.2
1,30000,139.0
1,31000,326.6
1,32000,288.2
1,33000,240.6
1,34000,334.6
1,35000,341.0
1,36000,237.8
1,37000,226.0
1,38000,195.4
1,39000,217.2
1,40000,273.4
1,41000,209.6
1,42000,148.0
1,43000,237.0
1,44000,240.6
1,45000,251.2
1,46000,466.0
1,47000,433.0
1,48000,229.4
1,49000,307.6
1,50000,376.6
2,1000,21.0
2,2000,27.4
2,3000,39.6
2,4000,71.0
2,5000,130.4
2,6000,142.6
2,7000,204.8
2,8000,173.8
2,9000,70.6
2,10000,112.4
2,11000,132.2
2,12000,163.6
2,13000,221.6
2,14000,166.6
2,15000,208.8
2,16000,326.2
2,17000,310.2
2,18000,148.2
2,19000,199.0
2,20000,331.2
2,21000,246.6
2,22000,194.6
2,23000,170.0
2,24000,126.4
2,25000,97.6
2,26000,112.0
2,27000,248.6
2,28000,281.2
2,29000,318.8
2,30000,391.4
2,31000,277.6
2,32000,388.2
2,33000,302.4
2,34000,385.4
2,35000,437.6
2,36000,312.4
2,37000,272.8
2,38000,163.4
2,39000,307.2
2,40000,322.8
2,41000,460.8
2,42000,262.0
2,43000,391.2
2,44000,365.8
2,45000,348.2
2,46000,321.6
2,47000,476.6
2,48000,500.0
2,49000,500.0
2,50000,496.0
3,1000,53.0
3,2000,48.4
3,3000,50.8
3,4000,71.0
3,5000,100.8
3,6000,90.8
3,7000,103.2
3,8000,136.8
3,9000,168.4
3,10000,206.8
3,11000,186.0
3,12000,203.0
3,13000,290.4
3,14000,224.8
3,15000,324.4
3,16000,273.6
3,17000,289.2
3,18000,236.4
3,19000,117.8
3,20000,314.8
3,21000,304.6
3,22000,348.2
3,23000,377.8
3,24000,410.6
3,25000,191.0
3,26000,283.0
3,27000,281.6
3,28000,339.4
3,29000,198.2
3,30000,350.4
3,31000,380.2
3,32000,365.0
3,33000,462.0
3,34000,460.0
3,35000,363.0
3,36000,399.6
3,37000,305.8
3,38000,303.4
3,39000,400.0
3,40000,500.0
3,41000,479.8
3,42000,470.0
3,43000,491.0
3,44000,500.0
3,45000,309.4
3,46000,300.2
3,47000,207.8
3,48000,265.4
3,49000,481.8
3,50000,432.6
4,1000,20.6
4,2000,44.0
4,3000,85.2
4,4000,101.8
4,5000,191.4
4,6000,116.8
4,7000,139.6
4,8000,140.0
4,9000,133.8
4,10000,83.4
4,11000,155.6
4,12000,185.8
4,13000,249.0
4,14000,148.0
4,15000,188.8
4,16000,297.0
4,17000,301.0
4,18000,354.0
4,19000,281.2
4,20000,215.4
4,21000,359.6
4,22000,237.2
4,23000,415.0
4,24000,265.8
4,25000,473.6
4,26000,278.0
4,27000,247.0
4,28000,160.2
4,29000,88.2
4,30000,134.4
4,31000,257.8
4,32000,416.6
4,33000,456.8
4,34000,500.0
4,35000,500.0
4,36000,476.6
4,37000,365.8
4,38000,457.6
4,39000,500.0
4,40000,500.0
4,41000,482.2
4,42000,417.8
4,43000,432.0
4,44000,500.0
4,45000,500.0
4,46000,500.0
4,47000,500.0
4,48000,364.4
4,49000,430.6
4,50000,344.2
5,1000,38.0
5,2000,20.2
5,3000,52.0
5,4000,59.0
5,5000,97.6
5,6000,87.8
5,7000,90.8
5,8000,165.4
5,9000,112.2
5,10000,120.4
5,11000,171.4
5,12000,108.0
5,13000,171.0
5,14000,252.2
5,15000,193.8
5,16000,165.4
5,17000,193.4
5,18000,211.2
5,19000,215.4
5,20000,194.8
5,21000,192.8
5,22000,197.6
5,23000,146.4
5,24000,174.8
5,25000,202.4
5,26000,191.4
5,27000,258.0
5,28000,172.6
5,29000,264.0
5,30000,246.8
5,31000,227.6
5,32000,198.8
5,33000,204.2
5,34000,414.8
5,35000,401.4
5,36000,473.0
5,37000,441.6
5,38000,477.2
5,39000,374.6
5,40000,454.0
5,41000,441.6
5,42000,500.0
5,43000,449.0
5,44000,438.8
5,45000,477.4
5,46000,444.6
5,47000,390.6
5,48000,500.0
5,49000,476.6
5,50000,466.6
6,1000,28.4
6,2000,41.6
6,3000,51.0
6,4000,43.4
6,5000,90.2
6,6000,49.4
6,7000,115.6
6,8000,105.4
6,9000,129.4
6,10000,117.4
6,11000,157.4
6,12000,159.2
6,13000,269.4
6,14000,188.4
6,15000,240.4
6,16000,101.4
6,17000,168.0
6,18000,189.8
6,19000,200.8
6,20000,255.4
6,21000,283.8
6,22000,183.2
6,23000,175.0
6,24000,261.4
6,25000,272.0
6,26000,231.8
6,27000,229.4
6,28000,402.0
6,29000,455.4
6,30000,334.0
6,31000,414.8
6,32000,323.4
6,33000,439.0
6,34000,389.2
6,35000,428.6
6,36000,341.0
6,37000,446.6
6,38000,408.8
6,39000,473.8
6,40000,370.0
6,41000,437.4
6,42000,353.2
6,43000,303.0
6,44000,249.0
6,45000,216.2
6,46000,259.6
6,47000,354.6
6,48000,437.4
6,49000,417.8
6,50000,397.8
7,1000,25.2
7,2000,29.4
7,3000,50.6
7,4000,46.4
7,5000,43.0
7,6000,51.2
7,7000,55.0
7,8000,58.4
7,9000,132.8
7,10000,154.0
7,11000,188.0
7,12000,127.4
7,13000,165.8
7,14000,271.8
7,15000,258.4
7,16000,221.2
7,17000,182.0
7,18000,137.8
7,19000,161.8
7,20000,212.0
7,21000,157.8
7,22000,129.2
7,23000,259.2
7,24000,268.6
7,25000,109.0
7,26000,90.6
7,27000,117.8
7,28000,260.2
7,29000,433.2
7,30000,337.8
7,31000,229.4
7,32000,122.6
7,33000,117.0
7,34000,158.8
7,35000,192.8
7,36000,333.4
7,37000,248.8
7,38000,276.0
7,39000,180.6
7,40000,284.2
7,41000,293.2
7,42000,298.0
7,43000,180.0
7,44000,260.0
7,45000,311.8
7,46000,282.2
7,47000,311.2
7,48000,351.6
7,49000,421.2
7,50000,363.2
8,1000,40.2
8,2000,52.0
8,3000,58.4
8,4000,59.2
8,5000,115.2
8,6000,176.0
8,7000,183.8
8,8000,76.4
8,9000,168.0
8,10000,251.0
8,11000,153.0
8,12000,275.8
8,13000,226.4
8,14000,139.6
8,15000,201.4
8,16000,101.6
8,17000,261.4
8,18000,280.0
8,19000,238.2
8,20000,389.4
8,21000,293.0
8,22000,322.6
8,23000,284.6
8,24000,328.2
8,25000,277.8
8,26000,352.0
8,27000,355.8
8,28000,393.0
8,29000,455.2
8,30000,423.0
8,31000,434.0
8,32000,421.0
8,33000,432.6
8,34000,451.0
8,35000,348.6
8,36000,380.2
8,37000,281.0
8,38000,443.4
8,39000,360.0
8,40000,319.6
8,41000,282.2
8,42000,451.0
8,43000,415.8
8,44000,488.6
8,45000,500.0
8,46000,303.4
8,47000,482.2
8,48000,500.0
8,49000,500.0
8,50000,414.0
9,1000,21.6
9,2000,35.6
9,3000,38.4
9,4000,25.2
9,5000,67.8
9,6000,88.4
9,7000,93.8
9,8000,166.0
9,9000,181.4
9,10000,113.8
9,11000,200.2
9,12000,153.0
9,13000,258.2
9,14000,245.6
9,15000,170.4
9,16000,133.6
9,17000,213.0
9,18000,233.8
9,19000,219.6
9,20000,229.0
9,21000,153.4
9,22000,285.4
9,23000,300.6
9,24000,343.2
9,25000,251.0
9,26000,253.2
9,27000,326.0
9,28000,235.6
9,29000,341.0
9,30000,369.6
9,31000,371.6
9,32000,428.4
9,33000,430.6
9,34000,324.6
9,35000,246.4
9,36000,441.0
9,37000,500.0
9,38000,420.4
9,39000,500.0
9,40000,500.0
9,41000,500.0
9,42000,416.0
9,43000,356.0
9,44000,401.2
9,45000,428.4
9,46000,309.0
9,47000,474.6
9,48000,462.2
9,49000,500.0
9,50000,481.6
10,1000,30.2
10,2000,36.0
10,3000,41.6
10,4000,50.6
10,5000,46.6
10,6000,42.8
10,7000,69.4
10,8000,64.6
10,9000,186.2
10,10000,172.2
10,11000,85.4
10,12000,171.8
10,13000,96.0
10,14000,154.8
10,15000,114.6
10,16000,131.2
10,17000,224.2
10,18000,289.6
10,19000,239.4
10,20000,221.4
10,21000,312.4
10,22000,390.6
10,23000,417.4
10,24000,370.8
10,25000,469.2
10,26000,273.0
10,27000,106.8
10,28000,162.0
10,29000,245.8
10,30000,373.6
10,31000,389.6
10,32000,232.0
10,33000,139.0
10,34000,152.4
10,35000,206.2
10,36000,136.8
10,37000,285.4
10,38000,325.6
10,39000,231.2
10,40000,361.0
10,41000,203.4
10,42000,431.4
10,43000,336.0
10,44000,406.2
10,45000,404.2
10,46000,452.0
10,47000,415.4
10,48000,417.8
10,49000,417.8
10,50000,319.2
11,1000,18.8
11,2000,15.4
11,3000,41.2
11,4000,39.4
11,5000,83.4
11,6000,107.6
11,7000,57.0
11,8000,110.6
11,9000,128.2
11,10000,265.6
11,11000,107.8
11,12000,107.0
11,13000,207.4
11,14000,251.0
11,15000,180.6
11,16000,115.0
11,17000,114.2
11,18000,163.2
11,19000,156.4
11,20000,248.4
11,21000,404.4
11,22000,281.2
11,23000,399.0
11,24000,393.8
11,25000,346.2
11,26000,335.6
11,27000,155.2
11,28000,103.4
11,29000,241.6
11,30000,397.0
11,31000,483.4
11,32000,454.2
11,33000,419.8
11,34000,266.4
11,35000,425.4
11,36000,295.8
11,37000,297.8
11,38000,139.4
11,39000,320.6
11,40000,182.0
11,41000,284.6
11,42000,375.6
11,43000,493.0
11,44000,466.0
11,45000,500.0
11,46000,338.8
11,47000,345.0
11,48000,493.4
11,49000,454.0
11,50000,379.0
12,1000,21.2
12,2000,27.4
12,3000,69.8
12,4000,76.0
12,5000,65.2
12,6000,98.2
12,7000,126.2
12,8000,202.8
12,9000,193.0
12,10000,167.0
12,11000,200.4
12,12000,146.2
12,13000,156.6
12,14000,279.4
12,15000,193.0
12,16000,204.6
12,17000,242.0
12,18000,172.0
12,19000,120.6
12,20000,119.8
12,21000,100.0
12,22000,88.2
12,23000,224.0
12,24000,228.4
12,25000,228.0
12,26000,278.8
12,27000,236.4
12,28000,321.8
12,29000,409.4
12,30000,357.8
12,31000,389.0
12,32000,498.6
12,33000,334.2
12,34000,425.8
12,35000,320.8
12,36000,259.8
12,37000,465.4
12,38000,446.4
12,39000,395.8
12,40000,346.6
12,41000,438.8
12,42000,482.2
12,43000,426.4
12,44000,467.2
12,45000,338.6
12,46000,467.4
12,47000,309.6
12,48000,183.6
12,49000,166.6
12,50000,210.2
13,1000,21.6
13,2000,33.8
13,3000,29.8
13,4000,33.8
13,5000,43.4
13,6000,56.8
13,7000,123.6
13,8000,97.2
13,9000,104.2
13,10000,92.4
13,11000,117.8
13,12000,123.8
13,13000,81.2
13,14000,72.2
13,15000,186.4
13,16000,174.0
13,17000,172.0
13,18000,182.2
13,19000,172.6
13,20000,195.0
13,21000,237.0
13,22000,253.4
13,23000,287.2
13,24000,294.6
13,25000,245.0
13,26000,356.0
13,27000,168.0
13,28000,190.2
13,29000,330.2
13,30000,212.6
13,31000,262.2
13,32000,330.2
13,33000,305.6
13,34000,320.2
13,35000,268.8
13,36000,386.6
13,37000,369.0
13,38000,421.0
13,39000,348.8
13,40000,219.2
13,41000,386.2
13,42000,212.0
13,43000,393.0
13,44000,479.8
13,45000,457.8
13,46000,470.4
13,47000,426.6
13,48000,427.6
13,49000,428.2
13,50000,486.4
14,1000,23.0
14,2000,27.8
14,3000,28.0
14,4000,60.8
14,5000,84.4
14,6000,103.8
14,7000,132.6
14,8000,83.8
14,9000,126.4
14,10000,104.2
14,11000,128.6
14,12000,144.0
14,13000,210.4
14,14000,210.8
14,15000,288.0
14,16000,122.4
14,17000,293.0
14,18000,318.2
14,19000,231.0
14,20000,446.0
14,21000,256.6
14,22000,364.2
14,23000,303.4
14,24000,242.6
14,25000,138.2
14,26000,84.8
14,27000,145.6
14,28000,222.6
14,29000,176.6
14,30000,159.0
14,31000,173.2
14,32000,116.8
14,33000,145.0
14,34000,189.8
14,35000,282.2
14,36000,304.8
14,37000,420.0
14,38000,439.8
14,39000,213.4
14,40000,169.0
14,41000,197.8
14,42000,238.8
14,43000,347.6
14,44000,384.4
14,45000,439.8
14,46000,325.6
14,47000,420.8
14,48000,444.6
14,49000,485.8
14,50000,458.4
15,1000,20.2
15,2000,24.6
15,3000,45.8
15,4000,37.4
15,5000,99.0
15,6000,144.6
15,7000,71.8
15,8000,147.0
15,9000,161.0
15,10000,163.4
15,11000,175.0
15,12000,201.2
15,13000,256.2
15,14000,382.6
15,15000,318.4
15,16000,278.4
15,17000,231.4
15,18000,224.0
15,19000,302.6
15,20000,249.6
15,21000,268.6
15,22000,258.2
15,23000,374.6
15,24000,469.2
15,25000,408.0
15,26000,313.0
15,27000,367.8
15,28000,261.4
15,29000,454.4
15,30000,337.4
15,31000,342.4
15,32000,349.2
15,33000,317.4
15,34000,303.2
15,35000,472.6
15,36000,365.2
15,37000,276.2
15,38000,225.4
15,39000,316.6
15,40000,462.8
15,41000,427.8
15,42000,442.0
15,43000,234.8
15,44000,438.2
15,45000,366.6
15,46000,453.0
15,47000,476.6
15,48000,500.0
15,49000,442.8
15,50000,422.2
16,1000,37.2
16,2000,47.0
16,3000,41.0
16,4000,42.4
16,5000,91.0
16,6000,118.2
16,7000,144.0
16,8000,135.0
16,9000,91.2
16,10000,171.4
16,11000,211.6
16,12000,260.0
16,13000,265.2
16,14000,238.0
16,15000,140.0
16,16000,181.4
16,17000,135.0
16,18000,186.0
16,19000,94.6
16,20000,144.8
16,21000,135.4
16,22000,120.6
16,23000,191.4
16,24000,173.0
16,25000,377.2
16,26000,212.6
16,27000,344.8
16,28000,361.6
16,29000,327.2
16,30000,350.4
16,31000,360.2
16,32000,411.4
16,33000,466.0
16,34000,500.0
16,35000,387.6
16,36000,463.6
16,37000,500.0
16,38000,344.8
16,39000,446.0
16,40000,413.4
16,41000,388.0
16,42000,426.2
16,43000,368.0
16,44000,432.8
16,45000,384.0
16,46000,303.2
16,47000,446.2
16,48000,446.0
16,49000,382.2
16,50000,458.2
17,1000,44.2
17,2000,74.6
17,3000,82.8
17,4000,99.6
17,5000,120.4
17,6000,186.4
17,7000,144.4
17,8000,95.6
17,9000,80.0
17,10000,151.0
17,11000,148.0
17,12000,133.6
17,13000,150.0
17,14000,140.6
17,15000,138.0
17,16000,119.8
17,17000,271.2
17,18000,195.2
17,19000,348.6
17,20000,328.2
17,21000,340.8
17,22000,404.8
17,23000,377.8
17,24000,424.2
17,25000,171.2
17,26000,241.8
17,27000,198.8
17,28000,230.0
17,29000,285.6
17,30000,262.4
17,31000,298.4
17,32000,217.4
17,33000,263.4
17,34000,283.0
17,35000,477.2
17,36000,454.4
17,37000,435.0
17,38000,281.6
17,39000,256.2
17,40000,338.4
17,41000,472.8
17,42000,415.2
17,43000,489.6
17,44000,316.2
17,45000,214.4
17,46000,391.4
17,47000,500.0
17,48000,453.4
17,49000,438.2
17,50000,427.6
18,1000,34.2
18,2000,48.0
18,3000,41.6
18,4000,26.8
18,5000,82.8
18,6000,92.6
18,7000,151.4
18,8000,127.4
18,9000,189.6
18,10000,131.8
18,11000,86.0
18,12000,194.6
18,13000,255.4
18,14000,221.4
18,15000,225.4
18,16000,295.2
18,17000,157.0
18,18000,288.0
18,19000,202.8
18,20000,230.4
18,21000,197.2
18,22000,235.6
18,23000,360.0
18,24000,347.4
18,25000,189.6
18,26000,277.4
18,27000,257.6
18,28000,382.2
18,29000,500.0
18,30000,149.6
18,31000,302.8
18,32000,476.2
18,33000,350.6
18,34000,347.8
18,35000,349.4
18,36000,383.8
18,37000,367.0
18,38000,207.0
18,39000,232.6
18,40000,179.2
18,41000,257.0
18,42000,389.6
18,43000,339.4
18,44000,350.2
18,45000,398.4
18,46000,475.8
18,47000,435.2
18,48000,391.2
18,49000,313.2
18,50000,243.0
19,1000,30.6
19,2000,21.0
19,3000,43.0
19,4000,47.4
19,5000,78.4
19,6000,87.8
19,7000,89.8
19,8000,98.8
19,9000,137.0
19,10000,130.0
19,11000,227.2
19,12000,119.6
19,13000,215.0
19,14000,167.4
19,15000,205.0
19,16000,163.2
19,17000,176.0
19,18000,164.0
19,19000,185.4
19,20000,95.8
19,21000,96.2
19,22000,129.6
19,23000,218.4
19,24000,148.6
19,25000,200.0
19,26000,273.6
19,27000,242.0
19,28000,212.0
19,29000,193.0
19,30000,295.0
19,31000,209.6
19,32000,254.4
19,33000,418.0
19,34000,341.2
19,35000,280.6
19,36000,434.2
19,37000,453.8
19,38000,399.4
19,39000,479.8
19,40000,378.4
19,41000,497.2
19,42000,474.8
19,43000,417.2
19,44000,424.8
19,45000,446.2
19,46000,453.4
19,47000,221.8
19,48000,346.0
19,49000,124.6
19,50000,205.0
20,1000,25.4
20,2000,49.8
20,3000,59.6
20,4000,52.0
20,5000,97.6
20,6000,148.8
20,7000,149.6
20,8000,257.0
20,9000,145.6
20,10000,137.8
20,11000,214.8
20,12000,135.8
20,13000,243.0
20,14000,235.8
20,15000,300.4
20,16000,282.2
20,17000,283.4
20,18000,162.8
20,19000,298.0
20,20000,244.6
20,21000,396.6
20,22000,386.4
20,23000,349.8
20,24000,326.0
20,25000,214.0
20,26000,352.8
20,27000,366.2
20,28000,238.6
20,29000,129.2
20,30000,410.4
20,31000,314.8
20,32000,400.0
20,33000,362.8
20,34000,166.6
20,35000,408.4
20,36000,423.6
20,37000,173.8
20,38000,311.2
20,39000,221.4
20,40000,337.2
20,41000,442.8
20,42000,431.2
20,43000,164.4
20,44000,231.6
20,45000,237.6
20,46000,416.2
20,47000,469.4
20,48000,256.4
20,49000,196.4
20,50000,339.0
21,1000,13.4
21,2000,44.6
21,3000,43.2
21,4000,61.0
21,5000,51.0
21,6000,80.8
21,7000,106.6
21,8000,185.4
21,9000,142.0
21,10000,158.0
21,11000,231.6
21,12000,324.8
21,13000,228.8
21,14000,328.6
21,15000,211.8
21,16000,277.6
21,17000,249.2
21,18000,194.8
21,19000,209.4
21,20000,277.2
21,21000,276.0
21,22000,276.2
21,23000,400.0
21,24000,369.4
21,25000,283.0
21,26000,364.2
21,27000,387.8
21,28000,486.8
21,29000,385.0
21,30000,500.0
21,31000,490.4
21,32000,470.8
21,33000,500.0
21,34000,444.8
21,35000,433.2
21,36000,429.4
21,37000,436.6
21,38000,500.0
21,39000,465.6
21,40000,373.8
21,41000,500.0
21,42000,471.4
21,43000,470.8
21,44000,500.0
21,45000,383.4
21,46000,420.6
21,47000,488.8
21,48000,500.0
21,49000,500.0
21,50000,452.0
22,1000,28.8
22,2000,40.4
22,3000,102.2
22,4000,144.2
22,5000,134.6
22,6000,128.4
22,7000,79.2
22,8000,91.0
22,9000,177.4
22,10000,181.0
22,11000,134.6
22,12000,165.2
22,13000,172.0
22,14000,175.2
22,15000,140.2
22,16000,201.0
22,17000,294.8
22,18000,211.8
22,19000,333.8
22,20000,145.6
22,21000,136.2
22,22000,105.2
22,23000,182.6
22,24000,266.0
22,25000,276.0
22,26000,410.4
22,27000,336.4
22,28000,399.6
22,29000,384.6
22,30000,390.8
22,31000,262.6
22,32000,340.8
22,33000,385.4
22,34000,369.8
22,35000,397.6
22,36000,308.2
22,37000,353.8
22,38000,390.8
22,39000,311.2
22,40000,466.4
22,41000,343.4
22,42000,289.8
22,43000,408.4
22,44000,489.6
22,45000,442.8
22,46000,490.4
22,47000,468.4
22,48000,487.0
22,49000,344.0
22,50000,482.8
23,1000,21.8
23,2000,34.2
23,3000,78.2
23,4000,73.4
23,5000,55.6
23,6000,104.0
23,7000,131.4
23,8000,120.6
23,9000,120.4
23,10000,146.4
23,11000,104.4
23,12000,209.4
23,13000,181.2
23,14000,183.4
23,15000,144.6
23,16000,364.2
23,17000,253.0
23,18000,339.0
23,19000,195.6
23,20000,167.4
23,21000,241.0
23,22000,357.8
23,23000,364.8
23,24000,306.6
23,25000,274.4
23,26000,426.2
23,27000,368.0
23,28000,149.6
23,29000,255.6
23,30000,334.0
23,31000,430.2
23,32000,424.6
23,33000,358.4
23,34000,440.6
23,35000,477.6
23,36000,243.6
23,37000,447.4
23,38000,459.4
23,39000,448.6
23,40000,392.2
23,41000,474.0
23,42000,447.0
23,43000,486.2
23,44000,500.0
23,45000,422.2
23,46000,494.4
23,47000,442.6
23,48000,500.0
23,49000,473.8
23,50000,500.0
24,1000,19.0
24,2000,33.4
24,3000,33.2
24,4000,39.6
24,5000,42.4
24,6000,61.0
24,7000,102.4
24,8000,98.2
24,9000,100.4
24,10000,133.0
24,11000,180.4
24,12000,190.2
24,13000,173.0
24,14000,234.6
24,15000,135.0
24,16000,91.4
24,17000,90.4
24,18000,128.0
24,19000,140.0
24,20000,255.8
24,21000,136.6
24,22000,124.8
24,23000,116.4
24,24000,150.4
24,25000,179.4
24,26000,120.6
24,27000,126.4
24,28000,208.2
24,29000,191.6
24,30000,89.0
24,31000,53.2
24,32000,72.4
24,33000,89.4
24,34000,167.2
24,35000,189.8
24,36000,127.0
24,37000,191.4
24,38000,218.2
24,39000,289.6
24,40000,194.4
24,41000,156.6
24,42000,163.0
24,43000,205.4
24,44000,289.4
24,45000,151.4
24,46000,233.4
24,47000,373.2
24,48000,467.4
24,49000,379.6
24,50000,364.0
25,1000,53.2
25,2000,48.0
25,3000,36.6
25,4000,37.4
25,5000,35.8
25,6000,43.4
25,7000,65.4
25,8000,96.6
25,9000,110.6
25,10000,127.2
25,11000,152.2
25,12000,177.2
25,13000,102.4
25,14000,210.2
25,15000,196.8
25,16000,141.2
25,17000,130.4
25,18000,204.0
25,19000,148.2
25,20000,210.4
25,21000,215.4
25,22000,316.8
25,23000,215.6
25,24000,352.6
25,25000,315.0
25,26000,270.2
25,27000,228.8
25,28000,344.2
25,29000,337.8
25,30000,287.2
25,31000,406.4
25,32000,308.6
25,33000,345.6
25,34000,426.2
25,35000,482.4
25,36000,500.0
25,37000,486.4
25,38000,457.0
25,39000,423.8
25,40000,437.2
25,41000,482.4
25,42000,409.0
25,43000,491.0
25,44000,432.6
25,45000,445.8
25,46000,434.0
25,47000,297.4
25,48000,384.0
25,49000,407.4
25,50000,490.2
26,1000,39.0
26,2000,26.4
26,3000,62.0
26,4000,71.4
26,5000,93.2
26,6000,66.6
26,7000,79.4
26,8000,102.4
26,9000,126.2
26,10000,116.4
26,11000,98.0
26,12000,238.4
26,13000,337.4
26,14000,216.8
26,15000,291.2
26,16000,253.0
26,17000,166.8
26,18000,177.0
26,19000,204.8
26,20000,250.8
26,21000,302.6
26,22000,195.6
26,23000,285.8
26,24000,175.8
26,25000,139.2
26,26000,181.6
26,27000,311.2
26,28000,124.2
26,29000,82.2
26,30000,146.8
26,31000,253.8
26,32000,334.2
26,33000,380.0
26,34000,233.2
26,35000,174.4
26,36000,185.4
26,37000,347.0
26,38000,322.0
26,39000,222.2
26,40000,342.4
26,41000,422.0
26,42000,265.2
26,43000,446.2
26,44000,437.4
26,45000,408.0
26,46000,257.8
26,47000,418.6
26,48000,388.2
26,49000,457.0
26,50000,381.0
27,1000,18.4
27,2000,26.8
27,3000,67.6
27,4000,38.4
27,5000,89.0
27,6000,131.2
27,7000,115.8
27,8000,121.2
27,9000,107.8
27,10000,205.4
27,11000,139.0
27,12000,142.2
27,13000,160.4
27,14000,164.2
27,15000,251.0
27,16000,248.6
27,17000,272.4
27,18000,291.4
27,19000,283.0
27,20000,148.6
27,21000,119.2
27,22000,215.6
27,23000,363.4
27,24000,310.0
27,25000,249.4
27,26000,129.0
27,27000,199.2
27,28000,300.0
27,29000,178.0
27,30000,171.6
27,31000,389.0
27,32000,283.8
27,33000,345.8
27,34000,391.4
27,35000,317.4
27,36000,344.6
27,37000,362.2
27,38000,265.8
27,39000,107.8
27,40000,193.6
27,41000,290.8
27,42000,342.4
27,43000,167.6
27,44000,70.2
27,45000,136.0
27,46000,398.6
27,47000,389.4
27,48000,468.8
27,49000,453.0
27,50000,401.2
28,1000,18.0
28,2000,37.6
28,3000,48.4
28,4000,93.0
28,5000,102.8
28,6000,98.8
28,7000,99.8
28,8000,82.2
28,9000,88.8
28,10000,208.6
28,11000,118.8
28,12000,153.0
28,13000,138.0
28,14000,115.2
28,15000,67.6
28,16000,120.8
28,17000,108.6
28,18000,224.4
28,19000,220.2
28,20000,298.4
28,21000,75.2
28,22000,115.0
28,23000,160.0
28,24000,171.4
28,25000,256.0
28,26000,202.2
28,27000,279.8
28,28000,365.0
28,29000,376.8
28,30000,197.8
28,31000,286.6
28,32000,381.4
28,33000,330.0
28,34000,356.0
28,35000,229.4
28,36000,331.0
28,37000,315.0
28,38000,356.2
28,39000,337.8
28,40000,347.0
28,41000,326.4
28,42000,452.8
28,43000,466.0
28,44000,362.2
28,45000,296.6
28,46000,409.4
28,47000,309.4
28,48000,385.6
28,49000,431.4
28,50000,348.8
29,1000,44.6
29,2000,31.8
29,3000,52.0
29,4000,29.2
29,5000,81.6
29,6000,76.6
29,7000,153.6
29,8000,180.0
29,9000,301.8
29,10000,183.6
29,11000,212.6
29,12000,158.0
29,13000,186.4
29,14000,91.4
29,15000,128.4
29,16000,206.8
29,17000,191.6
29,18000,311.8
29,19000,262.0
29,20000,180.0
29,21000,276.0
29,22000,302.2
29,23000,382.0
29,24000,333.6
29,25000,187.2
29,26000,327.2
29,27000,472.0
29,28000,289.0
29,29000,288.6
29,30000,119.8
29,31000,296.8
29,32000,324.0
29,33000,500.0
29,34000,472.6
29,35000,272.4
29,36000,178.8
29,37000,386.4
29,38000,294.6
29,39000,227.0
29,40000,357.8
29,41000,306.4
29,42000,277.4
29,43000,386.6
29,44000,365.4
29,45000,313.2
29,46000,441.4
29,47000,500.0
29,48000,386.6
29,49000,475.4
29,50000,275.4
