algorithm,seed,frame,episode_return_ext
DQN,0,18,18.0
DQN,0,34,16.0
DQN,0,45,11.0
DQN,0,58,13.0
DQN,0,67,9.0
DQN,0,81,14.0
DQN,0,108,27.0
DQN,0,133,25.0
DQN,0,146,13.0
DQN,0,162,16.0
DQN,0,192,30.0
DQN,0,201,9.0
DQN,0,216,15.0
DQN,0,226,10.0
DQN,0,250,24.0
DQN,0,264,14.0
DQN,0,274,10.0
DQN,0,291,17.0
DQN,0,308,17.0
DQN,0,338,30.0
DQN,0,349,11.0
DQN,0,364,15.0
DQN,0,379,15.0
DQN,0,395,16.0
DQN,0,408,13.0
DQN,0,428,20.0
DQN,0,439,11.0
DQN,0,456,17.0
DQN,0,470,14.0
DQN,0,487,17.0
DQN,0,499,12.0
DQN,0,509,10.0
DQN,0,521,12.0
DQN,0,533,12.0
DQN,0,546,13.0
DQN,0,556,10.0
DQN,0,565,9.0
DQN,0,577,12.0
DQN,0,588,11.0
DQN,0,598,10.0
DQN,0,609,11.0
DQN,0,618,9.0
DQN,0,627,9.0
DQN,0,643,16.0
DQN,0,656,13.0
DQN,0,665,9.0
DQN,0,675,10.0
DQN,0,686,11.0
DQN,0,697,11.0
DQN,0,708,11.0
DQN,0,718,10.0
DQN,0,729,11.0
DQN,0,739,10.0
DQN,0,750,11.0
DQN,0,763,13.0
DQN,0,771,8.0
DQN,0,780,9.0
DQN,0,793,13.0
DQN,0,803,10.0
DQN,0,813,10.0
DQN,0,823,10.0
DQN,0,833,10.0
DQN,0,846,13.0
DQN,0,855,9.0
DQN,0,865,10.0
DQN,0,878,13.0
DQN,0,887,9.0
DQN,0,897,10.0
DQN,0,907,10.0
DQN,0,923,16.0
DQN,0,935,12.0
DQN,0,950,15.0
DQN,0,959,9.0
DQN,0,968,9.0
DQN,0,978,10.0
DQN,0,986,8.0
DQN,0,996,10.0
DQN,0,1005,9.0
DQN,0,1014,9.0
DQN,0,1027,13.0
DQN,0,1038,11.0
DQN,0,1047,9.0
DQN,0,1064,17.0
DQN,0,1073,9.0
DQN,0,1082,9.0
DQN,0,1095,13.0
DQN,0,1104,9.0
DQN,0,1115,11.0
DQN,0,1125,10.0
DQN,0,1138,13.0
DQN,0,1147,9.0
DQN,0,1170,23.0
DQN,0,1180,10.0
DQN,0,1190,10.0
DQN,0,1224,34.0
DQN,0,1235,11.0
DQN,0,1252,17.0
DQN,0,1267,15.0
DQN,0,1277,10.0
DQN,0,1287,10.0
DQN,0,1295,8.0
DQN,0,1334,39.0
DQN,0,1346,12.0
DQN,0,1367,21.0
DQN,0,1377,10.0
DQN,0,1387,10.0
DQN,0,1401,14.0
DQN,0,1410,9.0
DQN,0,1442,32.0
DQN,0,1471,29.0
DQN,0,1482,11.0
DQN,0,1491,9.0
DQN,0,1516,25.0
DQN,0,1534,18.0
DQN,0,1544,10.0
DQN,0,1553,9.0
DQN,0,1566,13.0
DQN,0,1575,9.0
DQN,0,1583,8.0
DQN,0,1596,13.0
DQN,0,1609,13.0
DQN,0,1618,9.0
DQN,0,1627,9.0
DQN,0,1645,18.0
DQN,0,1664,19.0
DQN,0,1695,31.0
DQN,0,1704,9.0
DQN,0,1714,10.0
DQN,0,1724,10.0
DQN,0,1737,13.0
DQN,0,1749,12.0
DQN,0,1759,10.0
DQN,0,1778,19.0
DQN,0,1788,10.0
DQN,0,1802,14.0
DQN,0,1821,19.0
DQN,0,1833,12.0
DQN,0,1845,12.0
DQN,0,1857,12.0
DQN,0,1879,22.0
DQN,0,1890,11.0
DQN,0,1903,13.0
DQN,0,1914,11.0
DQN,0,1925,11.0
DQN,0,1940,15.0
DQN,0,1952,12.0
DQN,0,1964,12.0
DQN,0,1979,15.0
DQN,0,1994,15.0
DQN,0,2005,11.0
DQN,0,2023,18.0
DQN,0,2034,11.0
DQN,0,2044,10.0
DQN,0,2071,27.0
DQN,0,2105,34.0
DQN,0,2129,24.0
DQN,0,2146,17.0
DQN,0,2167,21.0
DQN,0,2178,11.0
DQN,0,2236,58.0
DQN,0,2255,19.0
DQN,0,2284,29.0
DQN,0,2293,9.0
DQN,0,2312,19.0
DQN,0,2349,37.0
DQN,0,2363,14.0
DQN,0,2462,99.0
DQN,0,2481,19.0
DQN,0,2538,57.0
DQN,0,2559,21.0
DQN,0,2576,17.0
DQN,0,2589,13.0
DQN,0,2602,13.0
DQN,0,2616,14.0
DQN,0,2638,22.0
DQN,0,2662,24.0
DQN,0,2673,11.0
DQN,0,2706,33.0
DQN,0,2722,16.0
DQN,0,2736,14.0
DQN,0,2775,39.0
DQN,0,2789,14.0
DQN,0,2811,22.0
DQN,0,2859,48.0
DQN,0,2877,18.0
DQN,0,2893,16.0
DQN,0,2909,16.0
DQN,0,2923,14.0
DQN,0,2949,26.0
DQN,0,2963,14.0
DQN,0,2987,24.0
DQN,0,3011,24.0
DQN,0,3036,25.0
DQN,0,3056,20.0
DQN,0,3066,10.0
DQN,0,3077,11.0
DQN,0,3092,15.0
DQN,0,3100,8.0
DQN,0,3109,9.0
DQN,0,3118,9.0
DQN,0,3128,10.0
DQN,0,3215,87.0
DQN,0,3246,31.0
DQN,0,3256,10.0
DQN,0,3265,9.0
DQN,0,3275,10.0
DQN,0,3285,10.0
DQN,0,3308,23.0
DQN,0,3329,21.0
DQN,0,3376,47.0
DQN,0,3404,28.0
DQN,0,3481,77.0
DQN,0,3563,82.0
DQN,0,3661,98.0
DQN,0,3670,9.0
DQN,0,3755,85.0
DQN,0,3785,30.0
DQN,0,3922,137.0
DQN,0,4015,93.0
DQN,0,4043,28.0
DQN,0,4052,9.0
DQN,0,4313,261.0
DQN,0,4475,162.0
DQN,0,4588,113.0
DQN,0,4731,143.0
DQN,0,4865,134.0
DQN,0,5021,156.0
DQN,0,5146,125.0
DQN,0,5290,144.0
DQN,0,5419,129.0
DQN,0,5537,118.0
DQN,0,5661,124.0
DQN,0,5779,118.0
DQN,0,5909,130.0
DQN,0,6022,113.0
DQN,0,6139,117.0
DQN,0,6294,155.0
DQN,0,6420,126.0
DQN,0,6561,141.0
DQN,0,6694,133.0
DQN,0,6857,163.0
DQN,0,6969,112.0
DQN,0,7111,142.0
DQN,0,7275,164.0
DQN,0,7444,169.0
DQN,0,7648,204.0
DQN,0,7773,125.0
DQN,0,7937,164.0
DQN,0,8089,152.0
DQN,0,8206,117.0
DQN,0,8337,131.0
DQN,0,8474,137.0
DQN,0,8581,107.0
DQN,0,8703,122.0
DQN,0,8838,135.0
DQN,0,8979,141.0
DQN,0,9105,126.0
DQN,0,9256,151.0
DQN,0,9412,156.0
DQN,0,9568,156.0
DQN,0,9680,112.0
DQN,0,9843,163.0
DQN,0,9974,131.0
DQN,0,10122,148.0
DQN,0,10255,133.0
DQN,0,10396,141.0
DQN,0,10607,211.0
DQN,0,10759,152.0
DQN,0,10936,177.0
DQN,0,11082,146.0
DQN,0,11234,152.0
DQN,0,11374,140.0
DQN,0,11524,150.0
DQN,0,11654,130.0
DQN,0,11799,145.0
DQN,0,11930,131.0
DQN,0,12085,155.0
DQN,0,12231,146.0
DQN,0,12394,163.0
DQN,0,12545,151.0
DQN,0,12698,153.0
DQN,0,12873,175.0
DQN,0,13028,155.0
DQN,0,13236,208.0
DQN,0,13422,186.0
DQN,0,13583,161.0
DQN,0,13781,198.0
DQN,0,13933,152.0
DQN,0,14086,153.0
DQN,0,14235,149.0
DQN,0,14391,156.0
DQN,0,14558,167.0
DQN,0,14714,156.0
DQN,0,14899,185.0
DQN,0,15049,150.0
DQN,0,15201,152.0
DQN,0,15375,174.0
DQN,0,15526,151.0
DQN,0,15678,152.0
DQN,0,15820,142.0
DQN,0,15953,133.0
DQN,0,16110,157.0
DQN,0,16241,131.0
DQN,0,16382,141.0
DQN,0,16528,146.0
DQN,0,16665,137.0
DQN,0,16820,155.0
DQN,0,16954,134.0
DQN,0,17114,160.0
DQN,0,17244,130.0
DQN,0,17379,135.0
DQN,0,17505,126.0
DQN,0,17621,116.0
DQN,0,17753,132.0
DQN,0,17920,167.0
DQN,0,18052,132.0
DQN,0,18202,150.0
DQN,0,18334,132.0
DQN,0,18466,132.0
DQN,0,18609,143.0
DQN,0,18753,144.0
DQN,0,18896,143.0
DQN,0,19035,139.0
DQN,0,19156,121.0
DQN,0,19298,142.0
DQN,0,19447,149.0
DQN,0,19580,133.0
DQN,0,19713,133.0
DQN,0,19850,137.0
DQN,0,19992,142.0
RND-DQN,0,18,18.0
RND-DQN,0,34,16.0
RND-DQN,0,45,11.0
RND-DQN,0,58,13.0
RND-DQN,0,67,9.0
RND-DQN,0,81,14.0
RND-DQN,0,108,27.0
RND-DQN,0,133,25.0
RND-DQN,0,146,13.0
RND-DQN,0,162,16.0
RND-DQN,0,192,30.0
RND-DQN,0,201,9.0
RND-DQN,0,216,15.0
RND-DQN,0,226,10.0
RND-DQN,0,250,24.0
RND-DQN,0,264,14.0
RND-DQN,0,274,10.0
RND-DQN,0,291,17.0
RND-DQN,0,308,17.0
RND-DQN,0,338,30.0
RND-DQN,0,349,11.0
RND-DQN,0,364,15.0
RND-DQN,0,379,15.0
RND-DQN,0,395,16.0
RND-DQN,0,408,13.0
RND-DQN,0,428,20.0
RND-DQN,0,439,11.0
RND-DQN,0,456,17.0
RND-DQN,0,470,14.0
RND-DQN,0,487,17.0
RND-DQN,0,499,12.0
RND-DQN,0,509,10.0
RND-DQN,0,521,12.0
RND-DQN,0,533,12.0
RND-DQN,0,546,13.0
RND-DQN,0,556,10.0
RND-DQN,0,565,9.0
RND-DQN,0,577,12.0
RND-DQN,0,588,11.0
RND-DQN,0,598,10.0
RND-DQN,0,609,11.0
RND-DQN,0,618,9.0
RND-DQN,0,627,9.0
RND-DQN,0,643,16.0
RND-DQN,0,656,13.0
RND-DQN,0,665,9.0
RND-DQN,0,675,10.0
RND-DQN,0,685,10.0
RND-DQN,0,696,11.0
RND-DQN,0,707,11.0
RND-DQN,0,717,10.0
RND-DQN,0,728,11.0
RND-DQN,0,737,9.0
RND-DQN,0,747,10.0
RND-DQN,0,758,11.0
RND-DQN,0,768,10.0
RND-DQN,0,777,9.0
RND-DQN,0,787,10.0
RND-DQN,0,798,11.0
RND-DQN,0,808,10.0
RND-DQN,0,822,14.0
RND-DQN,0,834,12.0
RND-DQN,0,849,15.0
RND-DQN,0,858,9.0
RND-DQN,0,868,10.0
RND-DQN,0,882,14.0
RND-DQN,0,891,9.0
RND-DQN,0,902,11.0
RND-DQN,0,913,11.0
RND-DQN,0,928,15.0
RND-DQN,0,938,10.0
RND-DQN,0,951,13.0
RND-DQN,0,960,9.0
RND-DQN,0,969,9.0
RND-DQN,0,979,10.0
RND-DQN,0,987,8.0
RND-DQN,0,997,10.0
RND-DQN,0,1006,9.0
RND-DQN,0,1016,10.0
RND-DQN,0,1027,11.0
RND-DQN,0,1038,11.0
RND-DQN,0,1047,9.0
RND-DQN,0,1065,18.0
RND-DQN,0,1074,9.0
RND-DQN,0,1095,21.0
RND-DQN,0,1105,10.0
RND-DQN,0,1114,9.0
RND-DQN,0,1126,12.0
RND-DQN,0,1146,20.0
RND-DQN,0,1158,12.0
RND-DQN,0,1171,13.0
RND-DQN,0,1181,10.0
RND-DQN,0,1190,9.0
RND-DQN,0,1209,19.0
RND-DQN,0,1219,10.0
RND-DQN,0,1229,10.0
RND-DQN,0,1240,11.0
RND-DQN,0,1261,21.0
RND-DQN,0,1271,10.0
RND-DQN,0,1280,9.0
RND-DQN,0,1290,10.0
RND-DQN,0,1319,29.0
RND-DQN,0,1334,15.0
RND-DQN,0,1353,19.0
RND-DQN,0,1368,15.0
RND-DQN,0,1378,10.0
RND-DQN,0,1389,11.0
RND-DQN,0,1398,9.0
RND-DQN,0,1410,12.0
RND-DQN,0,1421,11.0
RND-DQN,0,1433,12.0
RND-DQN,0,1448,15.0
RND-DQN,0,1460,12.0
RND-DQN,0,1470,10.0
RND-DQN,0,1479,9.0
RND-DQN,0,1488,9.0
RND-DQN,0,1497,9.0
RND-DQN,0,1506,9.0
RND-DQN,0,1514,8.0
RND-DQN,0,1524,10.0
RND-DQN,0,1534,10.0
RND-DQN,0,1568,34.0
RND-DQN,0,1577,9.0
RND-DQN,0,1587,10.0
RND-DQN,0,1601,14.0
RND-DQN,0,1611,10.0
RND-DQN,0,1620,9.0
RND-DQN,0,1630,10.0
RND-DQN,0,1640,10.0
RND-DQN,0,1651,11.0
RND-DQN,0,1659,8.0
RND-DQN,0,1669,10.0
RND-DQN,0,1687,18.0
RND-DQN,0,1695,8.0
RND-DQN,0,1704,9.0
RND-DQN,0,1715,11.0
RND-DQN,0,1724,9.0
RND-DQN,0,1733,9.0
RND-DQN,0,1743,10.0
RND-DQN,0,1754,11.0
RND-DQN,0,1763,9.0
RND-DQN,0,1772,9.0
RND-DQN,0,1781,9.0
RND-DQN,0,1791,10.0
RND-DQN,0,1804,13.0
RND-DQN,0,1814,10.0
RND-DQN,0,1825,11.0
RND-DQN,0,1838,13.0
RND-DQN,0,1853,15.0
RND-DQN,0,1869,16.0
RND-DQN,0,1882,13.0
RND-DQN,0,1892,10.0
RND-DQN,0,1906,14.0
RND-DQN,0,1916,10.0
RND-DQN,0,1925,9.0
RND-DQN,0,1939,14.0
RND-DQN,0,1949,10.0
RND-DQN,0,1960,11.0
RND-DQN,0,1971,11.0
RND-DQN,0,1981,10.0
RND-DQN,0,1994,13.0
RND-DQN,0,2008,14.0
RND-DQN,0,2024,16.0
RND-DQN,0,2036,12.0
RND-DQN,0,2045,9.0
RND-DQN,0,2072,27.0
RND-DQN,0,2082,10.0
RND-DQN,0,2094,12.0
RND-DQN,0,2110,16.0
RND-DQN,0,2119,9.0
RND-DQN,0,2136,17.0
RND-DQN,0,2146,10.0
RND-DQN,0,2157,11.0
RND-DQN,0,2166,9.0
RND-DQN,0,2174,8.0
RND-DQN,0,2188,14.0
RND-DQN,0,2201,13.0
RND-DQN,0,2220,19.0
RND-DQN,0,2233,13.0
RND-DQN,0,2252,19.0
RND-DQN,0,2262,10.0
RND-DQN,0,2271,9.0
RND-DQN,0,2298,27.0
RND-DQN,0,2311,13.0
RND-DQN,0,2341,30.0
RND-DQN,0,2364,23.0
RND-DQN,0,2377,13.0
RND-DQN,0,2401,24.0
RND-DQN,0,2411,10.0
RND-DQN,0,2424,13.0
RND-DQN,0,2437,13.0
RND-DQN,0,2458,21.0
RND-DQN,0,2468,10.0
RND-DQN,0,2492,24.0
RND-DQN,0,2514,22.0
RND-DQN,0,2535,21.0
RND-DQN,0,2547,12.0
RND-DQN,0,2571,24.0
RND-DQN,0,2595,24.0
RND-DQN,0,2606,11.0
RND-DQN,0,2627,21.0
RND-DQN,0,2647,20.0
RND-DQN,0,2657,10.0
RND-DQN,0,2678,21.0
RND-DQN,0,2698,20.0
RND-DQN,0,2710,12.0
RND-DQN,0,2728,18.0
RND-DQN,0,2748,20.0
RND-DQN,0,2769,21.0
RND-DQN,0,2790,21.0
RND-DQN,0,2801,11.0
RND-DQN,0,2827,26.0
RND-DQN,0,2841,14.0
RND-DQN,0,2857,16.0
RND-DQN,0,2880,23.0
RND-DQN,0,2901,21.0
RND-DQN,0,2911,10.0
RND-DQN,0,2933,22.0
RND-DQN,0,2943,10.0
RND-DQN,0,2967,24.0
RND-DQN,0,2985,18.0
RND-DQN,0,3008,23.0
RND-DQN,0,3028,20.0
RND-DQN,0,3042,14.0
RND-DQN,0,3062,20.0
RND-DQN,0,3096,34.0
RND-DQN,0,3105,9.0
RND-DQN,0,3132,27.0
RND-DQN,0,3142,10.0
RND-DQN,0,3165,23.0
RND-DQN,0,3182,17.0
RND-DQN,0,3210,28.0
RND-DQN,0,3230,20.0
RND-DQN,0,3250,20.0
RND-DQN,0,3272,22.0
RND-DQN,0,3287,15.0
RND-DQN,0,3308,21.0
RND-DQN,0,3331,23.0
RND-DQN,0,3348,17.0
RND-DQN,0,3379,31.0
RND-DQN,0,3411,32.0
RND-DQN,0,3429,18.0
RND-DQN,0,3454,25.0
RND-DQN,0,3475,21.0
RND-DQN,0,3498,23.0
RND-DQN,0,3520,22.0
RND-DQN,0,3545,25.0
RND-DQN,0,3565,20.0
RND-DQN,0,3599,34.0
RND-DQN,0,3617,18.0
RND-DQN,0,3641,24.0
RND-DQN,0,3662,21.0
RND-DQN,0,3678,16.0
RND-DQN,0,3696,18.0
RND-DQN,0,3717,21.0
RND-DQN,0,3739,22.0
RND-DQN,0,3757,18.0
RND-DQN,0,3781,24.0
RND-DQN,0,3791,10.0
RND-DQN,0,3817,26.0
RND-DQN,0,3827,10.0
RND-DQN,0,3846,19.0
RND-DQN,0,3866,20.0
RND-DQN,0,3886,20.0
RND-DQN,0,3912,26.0
RND-DQN,0,3934,22.0
RND-DQN,0,3957,23.0
RND-DQN,0,3975,18.0
RND-DQN,0,3997,22.0
RND-DQN,0,4014,17.0
RND-DQN,0,4034,20.0
RND-DQN,0,4048,14.0
RND-DQN,0,4058,10.0
RND-DQN,0,4088,30.0
RND-DQN,0,4107,19.0
RND-DQN,0,4125,18.0
RND-DQN,0,4135,10.0
RND-DQN,0,4166,31.0
RND-DQN,0,4176,10.0
RND-DQN,0,4199,23.0
RND-DQN,0,4223,24.0
RND-DQN,0,4245,22.0
RND-DQN,0,4291,46.0
RND-DQN,0,4355,64.0
RND-DQN,0,4456,101.0
RND-DQN,0,4539,83.0
RND-DQN,0,4643,104.0
RND-DQN,0,4664,21.0
RND-DQN,0,4761,97.0
RND-DQN,0,4870,109.0
RND-DQN,0,4961,91.0
RND-DQN,0,5069,108.0
RND-DQN,0,5181,112.0
RND-DQN,0,5324,143.0
RND-DQN,0,5415,91.0
RND-DQN,0,5544,129.0
RND-DQN,0,5722,178.0
RND-DQN,0,5876,154.0
RND-DQN,0,6032,156.0
RND-DQN,0,6195,163.0
RND-DQN,0,6359,164.0
RND-DQN,0,6539,180.0
RND-DQN,0,6696,157.0
RND-DQN,0,6857,161.0
RND-DQN,0,7029,172.0
RND-DQN,0,7184,155.0
RND-DQN,0,7375,191.0
RND-DQN,0,7541,166.0
RND-DQN,0,7757,216.0
RND-DQN,0,7918,161.0
RND-DQN,0,8105,187.0
RND-DQN,0,8270,165.0
RND-DQN,0,8418,148.0
RND-DQN,0,8599,181.0
RND-DQN,0,8735,136.0
RND-DQN,0,8922,187.0
RND-DQN,0,9127,205.0
RND-DQN,0,9296,169.0
RND-DQN,0,9480,184.0
RND-DQN,0,9654,174.0
RND-DQN,0,9842,188.0
RND-DQN,0,10002,160.0
RND-DQN,0,10181,179.0
RND-DQN,0,10336,155.0
RND-DQN,0,10542,206.0
RND-DQN,0,10727,185.0
RND-DQN,0,10877,150.0
RND-DQN,0,11033,156.0
RND-DQN,0,11183,150.0
RND-DQN,0,11328,145.0
RND-DQN,0,11465,137.0
RND-DQN,0,11607,142.0
RND-DQN,0,11752,145.0
RND-DQN,0,11908,156.0
RND-DQN,0,12072,164.0
RND-DQN,0,12218,146.0
RND-DQN,0,12371,153.0
RND-DQN,0,12527,156.0
RND-DQN,0,12682,155.0
RND-DQN,0,12849,167.0
RND-DQN,0,13005,156.0
RND-DQN,0,13207,202.0
RND-DQN,0,13386,179.0
RND-DQN,0,13546,160.0
RND-DQN,0,13742,196.0
RND-DQN,0,13921,179.0
RND-DQN,0,14124,203.0
RND-DQN,0,14338,214.0
RND-DQN,0,14590,252.0
RND-DQN,0,14771,181.0
RND-DQN,0,14954,183.0
RND-DQN,0,15152,198.0
RND-DQN,0,15322,170.0
RND-DQN,0,15504,182.0
RND-DQN,0,15682,178.0
RND-DQN,0,15879,197.0
RND-DQN,0,16036,157.0
RND-DQN,0,16223,187.0
RND-DQN,0,16396,173.0
RND-DQN,0,16598,202.0
RND-DQN,0,16809,211.0
RND-DQN,0,16983,174.0
RND-DQN,0,17207,224.0
RND-DQN,0,17422,215.0
RND-DQN,0,17625,203.0
RND-DQN,0,17841,216.0
RND-DQN,0,18047,206.0
RND-DQN,0,18316,269.0
RND-DQN,0,18498,182.0
RND-DQN,0,18676,178.0
RND-DQN,0,18853,177.0
RND-DQN,0,19034,181.0
RND-DQN,0,19326,292.0
RND-DQN,0,19527,201.0
RND-DQN,0,19688,161.0
RND-DQN,0,19875,187.0
DQN,1,24,24.0
DQN,1,38,14.0
DQN,1,53,15.0
DQN,1,84,31.0
DQN,1,97,13.0
DQN,1,115,18.0
DQN,1,124,9.0
DQN,1,145,21.0
DQN,1,168,23.0
DQN,1,184,16.0
DQN,1,204,20.0
DQN,1,221,17.0
DQN,1,244,23.0
DQN,1,256,12.0
DQN,1,269,13.0
DQN,1,281,12.0
DQN,1,296,15.0
DQN,1,313,17.0
DQN,1,322,9.0
DQN,1,331,9.0
DQN,1,343,12.0
DQN,1,361,18.0
DQN,1,375,14.0
DQN,1,383,8.0
DQN,1,392,9.0
DQN,1,409,17.0
DQN,1,423,14.0
DQN,1,433,10.0
DQN,1,457,24.0
DQN,1,468,11.0
DQN,1,484,16.0
DQN,1,494,10.0
DQN,1,506,12.0
DQN,1,521,15.0
DQN,1,532,11.0
DQN,1,545,13.0
DQN,1,556,11.0
DQN,1,567,11.0
DQN,1,580,13.0
DQN,1,589,9.0
DQN,1,600,11.0
DQN,1,611,11.0
DQN,1,624,13.0
DQN,1,634,10.0
DQN,1,644,10.0
DQN,1,656,12.0
DQN,1,666,10.0
DQN,1,677,11.0
DQN,1,686,9.0
DQN,1,695,9.0
DQN,1,704,9.0
DQN,1,714,10.0
DQN,1,725,11.0
DQN,1,739,14.0
DQN,1,747,8.0
DQN,1,758,11.0
DQN,1,768,10.0
DQN,1,777,9.0
DQN,1,791,14.0
DQN,1,814,23.0
DQN,1,825,11.0
DQN,1,837,12.0
DQN,1,847,10.0
DQN,1,858,11.0
DQN,1,868,10.0
DQN,1,879,11.0
DQN,1,890,11.0
DQN,1,900,10.0
DQN,1,909,9.0
DQN,1,917,8.0
DQN,1,928,11.0
DQN,1,938,10.0
DQN,1,948,10.0
DQN,1,958,10.0
DQN,1,967,9.0
DQN,1,982,15.0
DQN,1,994,12.0
DQN,1,1004,10.0
DQN,1,1015,11.0
DQN,1,1030,15.0
DQN,1,1043,13.0
DQN,1,1055,12.0
DQN,1,1069,14.0
DQN,1,1080,11.0
DQN,1,1092,12.0
DQN,1,1101,9.0
DQN,1,1113,12.0
DQN,1,1123,10.0
DQN,1,1134,11.0
DQN,1,1144,10.0
DQN,1,1154,10.0
DQN,1,1167,13.0
DQN,1,1191,24.0
DQN,1,1203,12.0
DQN,1,1212,9.0
DQN,1,1220,8.0
DQN,1,1233,13.0
DQN,1,1241,8.0
DQN,1,1250,9.0
DQN,1,1262,12.0
DQN,1,1273,11.0
DQN,1,1284,11.0
DQN,1,1292,8.0
DQN,1,1300,8.0
DQN,1,1309,9.0
DQN,1,1318,9.0
DQN,1,1327,9.0
DQN,1,1337,10.0
DQN,1,1347,10.0
DQN,1,1359,12.0
DQN,1,1370,11.0
DQN,1,1380,10.0
DQN,1,1389,9.0
DQN,1,1398,9.0
DQN,1,1409,11.0
DQN,1,1419,10.0
DQN,1,1429,10.0
DQN,1,1464,35.0
DQN,1,1478,14.0
DQN,1,1489,11.0
DQN,1,1503,14.0
DQN,1,1512,9.0
DQN,1,1522,10.0
DQN,1,1532,10.0
DQN,1,1542,10.0
DQN,1,1569,27.0
DQN,1,1579,10.0
DQN,1,1611,32.0
DQN,1,1621,10.0
DQN,1,1631,10.0
DQN,1,1651,20.0
DQN,1,1665,14.0
DQN,1,1674,9.0
DQN,1,1686,12.0
DQN,1,1698,12.0
DQN,1,1709,11.0
DQN,1,1722,13.0
DQN,1,1732,10.0
DQN,1,1741,9.0
DQN,1,1750,9.0
DQN,1,1761,11.0
DQN,1,1772,11.0
DQN,1,1785,13.0
DQN,1,1796,11.0
DQN,1,1806,10.0
DQN,1,1819,13.0
DQN,1,1830,11.0
DQN,1,1838,8.0
DQN,1,1847,9.0
DQN,1,1856,9.0
DQN,1,1865,9.0
DQN,1,1875,10.0
DQN,1,1885,10.0
DQN,1,1897,12.0
DQN,1,1911,14.0
DQN,1,1921,10.0
DQN,1,1931,10.0
DQN,1,1942,11.0
DQN,1,1954,12.0
DQN,1,1964,10.0
DQN,1,1973,9.0
DQN,1,1982,9.0
DQN,1,1992,10.0
DQN,1,2000,8.0
DQN,1,2010,10.0
DQN,1,2019,9.0
DQN,1,2045,26.0
DQN,1,2054,9.0
DQN,1,2079,25.0
DQN,1,2089,10.0
DQN,1,2098,9.0
DQN,1,2123,25.0
DQN,1,2136,13.0
DQN,1,2146,10.0
DQN,1,2154,8.0
DQN,1,2163,9.0
DQN,1,2191,28.0
DQN,1,2200,9.0
DQN,1,2208,8.0
DQN,1,2229,21.0
DQN,1,2304,75.0
DQN,1,2313,9.0
DQN,1,2322,9.0
DQN,1,2345,23.0
DQN,1,2356,11.0
DQN,1,2365,9.0
DQN,1,2374,9.0
DQN,1,2386,12.0
DQN,1,2407,21.0
DQN,1,2417,10.0
DQN,1,2446,29.0
DQN,1,2456,10.0
DQN,1,2468,12.0
DQN,1,2492,24.0
DQN,1,2504,12.0
DQN,1,2515,11.0
DQN,1,2524,9.0
DQN,1,2532,8.0
DQN,1,2541,9.0
DQN,1,2552,11.0
DQN,1,2570,18.0
DQN,1,2582,12.0
DQN,1,2627,45.0
DQN,1,2638,11.0
DQN,1,2648,10.0
DQN,1,2660,12.0
DQN,1,2705,45.0
DQN,1,2715,10.0
DQN,1,2727,12.0
DQN,1,2738,11.0
DQN,1,2749,11.0
DQN,1,2757,8.0
DQN,1,2768,11.0
DQN,1,2778,10.0
DQN,1,2824,46.0
DQN,1,2836,12.0
DQN,1,2853,17.0
DQN,1,2862,9.0
DQN,1,2872,10.0
DQN,1,2889,17.0
DQN,1,2898,9.0
DQN,1,2952,54.0
DQN,1,2962,10.0
DQN,1,2972,10.0
DQN,1,2982,10.0
DQN,1,2992,10.0
DQN,1,3002,10.0
DQN,1,3011,9.0
DQN,1,3021,10.0
DQN,1,3031,10.0
DQN,1,3042,11.0
DQN,1,3112,70.0
DQN,1,3261,149.0
DQN,1,3372,111.0
DQN,1,3512,140.0
DQN,1,3646,134.0
DQN,1,3785,139.0
DQN,1,3895,110.0
DQN,1,3935,40.0
DQN,1,3957,22.0
DQN,1,4066,109.0
DQN,1,4266,200.0
DQN,1,4423,157.0
DQN,1,4556,133.0
DQN,1,4704,148.0
DQN,1,4835,131.0
DQN,1,4995,160.0
DQN,1,5133,138.0
DQN,1,5292,159.0
DQN,1,5470,178.0
DQN,1,5637,167.0
DQN,1,5784,147.0
DQN,1,6011,227.0
DQN,1,6177,166.0
DQN,1,6369,192.0
DQN,1,6543,174.0
DQN,1,6746,203.0
DQN,1,6893,147.0
DQN,1,7036,143.0
DQN,1,7188,152.0
DQN,1,7362,174.0
DQN,1,7496,134.0
DQN,1,7650,154.0
DQN,1,7788,138.0
DQN,1,7947,159.0
DQN,1,8091,144.0
DQN,1,8223,132.0
DQN,1,8353,130.0
DQN,1,8496,143.0
DQN,1,8646,150.0
DQN,1,8807,161.0
DQN,1,8960,153.0
DQN,1,9103,143.0
DQN,1,9292,189.0
DQN,1,9556,264.0
DQN,1,9726,170.0
DQN,1,9875,149.0
DQN,1,10033,158.0
DQN,1,10163,130.0
DQN,1,10329,166.0
DQN,1,10477,148.0
DQN,1,10626,149.0
DQN,1,10832,206.0
DQN,1,10969,137.0
DQN,1,11133,164.0
DQN,1,11347,214.0
DQN,1,11482,135.0
DQN,1,11714,232.0
DQN,1,11864,150.0
DQN,1,12038,174.0
DQN,1,12190,152.0
DQN,1,12323,133.0
DQN,1,12486,163.0
DQN,1,12610,124.0
DQN,1,12744,134.0
DQN,1,12889,145.0
DQN,1,13012,123.0
DQN,1,13156,144.0
DQN,1,13271,115.0
DQN,1,13383,112.0
DQN,1,13498,115.0
DQN,1,13629,131.0
DQN,1,13754,125.0
DQN,1,13881,127.0
DQN,1,13995,114.0
DQN,1,14130,135.0
DQN,1,14258,128.0
DQN,1,14387,129.0
DQN,1,14523,136.0
DQN,1,14672,149.0
DQN,1,14806,134.0
DQN,1,14950,144.0
DQN,1,15097,147.0
DQN,1,15238,141.0
DQN,1,15359,121.0
DQN,1,15521,162.0
DQN,1,15653,132.0
DQN,1,15820,167.0
DQN,1,15969,149.0
DQN,1,16114,145.0
DQN,1,16252,138.0
DQN,1,16396,144.0
DQN,1,16538,142.0
DQN,1,16679,141.0
DQN,1,16799,120.0
DQN,1,16921,122.0
DQN,1,17056,135.0
DQN,1,17209,153.0
DQN,1,17362,153.0
DQN,1,17506,144.0
DQN,1,17688,182.0
DQN,1,17843,155.0
DQN,1,17989,146.0
DQN,1,18117,128.0
DQN,1,18263,146.0
DQN,1,18422,159.0
DQN,1,18585,163.0
DQN,1,18745,160.0
DQN,1,18914,169.0
DQN,1,19298,384.0
DQN,1,19460,162.0
DQN,1,19606,146.0
DQN,1,19771,165.0
DQN,1,19924,153.0
RND-DQN,1,29,29.0
RND-DQN,1,39,10.0
RND-DQN,1,50,11.0
RND-DQN,1,78,28.0
RND-DQN,1,100,22.0
RND-DQN,1,122,22.0
RND-DQN,1,146,24.0
RND-DQN,1,184,38.0
RND-DQN,1,203,19.0
RND-DQN,1,218,15.0
RND-DQN,1,237,19.0
RND-DQN,1,259,22.0
RND-DQN,1,272,13.0
RND-DQN,1,289,17.0
RND-DQN,1,306,17.0
RND-DQN,1,317,11.0
RND-DQN,1,327,10.0
RND-DQN,1,354,27.0
RND-DQN,1,369,15.0
RND-DQN,1,379,10.0
RND-DQN,1,390,11.0
RND-DQN,1,402,12.0
RND-DQN,1,420,18.0
RND-DQN,1,433,13.0
RND-DQN,1,460,27.0
RND-DQN,1,477,17.0
RND-DQN,1,490,13.0
RND-DQN,1,505,15.0
RND-DQN,1,518,13.0
RND-DQN,1,528,10.0
RND-DQN,1,541,13.0
RND-DQN,1,551,10.0
RND-DQN,1,567,16.0
RND-DQN,1,579,12.0
RND-DQN,1,588,9.0
RND-DQN,1,600,12.0
RND-DQN,1,611,11.0
RND-DQN,1,622,11.0
RND-DQN,1,633,11.0
RND-DQN,1,645,12.0
RND-DQN,1,654,9.0
RND-DQN,1,663,9.0
RND-DQN,1,673,10.0
RND-DQN,1,683,10.0
RND-DQN,1,691,8.0
RND-DQN,1,703,12.0
RND-DQN,1,715,12.0
RND-DQN,1,725,10.0
RND-DQN,1,739,14.0
RND-DQN,1,749,10.0
RND-DQN,1,758,9.0
RND-DQN,1,767,9.0
RND-DQN,1,778,11.0
RND-DQN,1,792,14.0
RND-DQN,1,806,14.0
RND-DQN,1,816,10.0
RND-DQN,1,826,10.0
RND-DQN,1,836,10.0
RND-DQN,1,844,8.0
RND-DQN,1,852,8.0
RND-DQN,1,868,16.0
RND-DQN,1,880,12.0
RND-DQN,1,891,11.0
RND-DQN,1,903,12.0
RND-DQN,1,913,10.0
RND-DQN,1,924,11.0
RND-DQN,1,939,15.0
RND-DQN,1,949,10.0
RND-DQN,1,959,10.0
RND-DQN,1,971,12.0
RND-DQN,1,983,12.0
RND-DQN,1,992,9.0
RND-DQN,1,1005,13.0
RND-DQN,1,1014,9.0
RND-DQN,1,1029,15.0
RND-DQN,1,1042,13.0
RND-DQN,1,1062,20.0
RND-DQN,1,1072,10.0
RND-DQN,1,1083,11.0
RND-DQN,1,1094,11.0
RND-DQN,1,1102,8.0
RND-DQN,1,1111,9.0
RND-DQN,1,1122,11.0
RND-DQN,1,1132,10.0
RND-DQN,1,1141,9.0
RND-DQN,1,1151,10.0
RND-DQN,1,1162,11.0
RND-DQN,1,1172,10.0
RND-DQN,1,1183,11.0
RND-DQN,1,1193,10.0
RND-DQN,1,1201,8.0
RND-DQN,1,1211,10.0
RND-DQN,1,1221,10.0
RND-DQN,1,1231,10.0
RND-DQN,1,1242,11.0
RND-DQN,1,1250,8.0
RND-DQN,1,1260,10.0
RND-DQN,1,1269,9.0
RND-DQN,1,1279,10.0
RND-DQN,1,1289,10.0
RND-DQN,1,1298,9.0
RND-DQN,1,1308,10.0
RND-DQN,1,1316,8.0
RND-DQN,1,1326,10.0
RND-DQN,1,1335,9.0
RND-DQN,1,1345,10.0
RND-DQN,1,1360,15.0
RND-DQN,1,1372,12.0
RND-DQN,1,1381,9.0
RND-DQN,1,1391,10.0
RND-DQN,1,1400,9.0
RND-DQN,1,1410,10.0
RND-DQN,1,1420,10.0
RND-DQN,1,1430,10.0
RND-DQN,1,1441,11.0
RND-DQN,1,1451,10.0
RND-DQN,1,1459,8.0
RND-DQN,1,1468,9.0
RND-DQN,1,1478,10.0
RND-DQN,1,1488,10.0
RND-DQN,1,1498,10.0
RND-DQN,1,1509,11.0
RND-DQN,1,1519,10.0
RND-DQN,1,1528,9.0
RND-DQN,1,1537,9.0
RND-DQN,1,1562,25.0
RND-DQN,1,1572,10.0
RND-DQN,1,1582,10.0
RND-DQN,1,1593,11.0
RND-DQN,1,1603,10.0
RND-DQN,1,1613,10.0
RND-DQN,1,1622,9.0
RND-DQN,1,1632,10.0
RND-DQN,1,1642,10.0
RND-DQN,1,1652,10.0
RND-DQN,1,1661,9.0
RND-DQN,1,1670,9.0
RND-DQN,1,1678,8.0
RND-DQN,1,1688,10.0
RND-DQN,1,1698,10.0
RND-DQN,1,1710,12.0
RND-DQN,1,1719,9.0
RND-DQN,1,1728,9.0
RND-DQN,1,1736,8.0
RND-DQN,1,1745,9.0
RND-DQN,1,1753,8.0
RND-DQN,1,1762,9.0
RND-DQN,1,1770,8.0
RND-DQN,1,1779,9.0
RND-DQN,1,1789,10.0
RND-DQN,1,1798,9.0
RND-DQN,1,1808,10.0
RND-DQN,1,1817,9.0
RND-DQN,1,1827,10.0
RND-DQN,1,1837,10.0
RND-DQN,1,1848,11.0
RND-DQN,1,1858,10.0
RND-DQN,1,1868,10.0
RND-DQN,1,1877,9.0
RND-DQN,1,1887,10.0
RND-DQN,1,1897,10.0
RND-DQN,1,1907,10.0
RND-DQN,1,1915,8.0
RND-DQN,1,1925,10.0
RND-DQN,1,1934,9.0
RND-DQN,1,1942,8.0
RND-DQN,1,1953,11.0
RND-DQN,1,1963,10.0
RND-DQN,1,1973,10.0
RND-DQN,1,1982,9.0
RND-DQN,1,1993,11.0
RND-DQN,1,2004,11.0
RND-DQN,1,2014,10.0
RND-DQN,1,2025,11.0
RND-DQN,1,2035,10.0
RND-DQN,1,2045,10.0
RND-DQN,1,2058,13.0
RND-DQN,1,2070,12.0
RND-DQN,1,2083,13.0
RND-DQN,1,2093,10.0
RND-DQN,1,2102,9.0
RND-DQN,1,2113,11.0
RND-DQN,1,2141,28.0
RND-DQN,1,2161,20.0
RND-DQN,1,2170,9.0
RND-DQN,1,2179,9.0
RND-DQN,1,2208,29.0
RND-DQN,1,2217,9.0
RND-DQN,1,2230,13.0
RND-DQN,1,2254,24.0
RND-DQN,1,2266,12.0
RND-DQN,1,2276,10.0
RND-DQN,1,2293,17.0
RND-DQN,1,2304,11.0
RND-DQN,1,2315,11.0
RND-DQN,1,2330,15.0
RND-DQN,1,2344,14.0
RND-DQN,1,2357,13.0
RND-DQN,1,2378,21.0
RND-DQN,1,2387,9.0
RND-DQN,1,2401,14.0
RND-DQN,1,2433,32.0
RND-DQN,1,2444,11.0
RND-DQN,1,2471,27.0
RND-DQN,1,2487,16.0
RND-DQN,1,2499,12.0
RND-DQN,1,2528,29.0
RND-DQN,1,2555,27.0
RND-DQN,1,2581,26.0
RND-DQN,1,2606,25.0
RND-DQN,1,2616,10.0
RND-DQN,1,2644,28.0
RND-DQN,1,2656,12.0
RND-DQN,1,2719,63.0
RND-DQN,1,2785,66.0
RND-DQN,1,2809,24.0
RND-DQN,1,2858,49.0
RND-DQN,1,2925,67.0
RND-DQN,1,2978,53.0
RND-DQN,1,2988,10.0
RND-DQN,1,3058,70.0
RND-DQN,1,3131,73.0
RND-DQN,1,3144,13.0
RND-DQN,1,3215,71.0
RND-DQN,1,3282,67.0
RND-DQN,1,3357,75.0
RND-DQN,1,3432,75.0
RND-DQN,1,3500,68.0
RND-DQN,1,3576,76.0
RND-DQN,1,3648,72.0
RND-DQN,1,3729,81.0
RND-DQN,1,3799,70.0
RND-DQN,1,3857,58.0
RND-DQN,1,3921,64.0
RND-DQN,1,3979,58.0
RND-DQN,1,4043,64.0
RND-DQN,1,4147,104.0
RND-DQN,1,4232,85.0
RND-DQN,1,4322,90.0
RND-DQN,1,4410,88.0
RND-DQN,1,4491,81.0
RND-DQN,1,4583,92.0
RND-DQN,1,4673,90.0
RND-DQN,1,4772,99.0
RND-DQN,1,4872,100.0
RND-DQN,1,4985,113.0
RND-DQN,1,5113,128.0
RND-DQN,1,5224,111.0
RND-DQN,1,5347,123.0
RND-DQN,1,5444,97.0
RND-DQN,1,5546,102.0
RND-DQN,1,5655,109.0
RND-DQN,1,5755,100.0
RND-DQN,1,5876,121.0
RND-DQN,1,5973,97.0
RND-DQN,1,6099,126.0
RND-DQN,1,6209,110.0
RND-DQN,1,6318,109.0
RND-DQN,1,6435,117.0
RND-DQN,1,6540,105.0
RND-DQN,1,6646,106.0
RND-DQN,1,6746,100.0
RND-DQN,1,6854,108.0
RND-DQN,1,6956,102.0
RND-DQN,1,7077,121.0
RND-DQN,1,7193,116.0
RND-DQN,1,7318,125.0
RND-DQN,1,7437,119.0
RND-DQN,1,7554,117.0
RND-DQN,1,7674,120.0
RND-DQN,1,7774,100.0
RND-DQN,1,7888,114.0
RND-DQN,1,8003,115.0
RND-DQN,1,8122,119.0
RND-DQN,1,8240,118.0
RND-DQN,1,8366,126.0
RND-DQN,1,8499,133.0
RND-DQN,1,8617,118.0
RND-DQN,1,8736,119.0
RND-DQN,1,8869,133.0
RND-DQN,1,9004,135.0
RND-DQN,1,9127,123.0
RND-DQN,1,9264,137.0
RND-DQN,1,9381,117.0
RND-DQN,1,9507,126.0
RND-DQN,1,9631,124.0
RND-DQN,1,9759,128.0
RND-DQN,1,9892,133.0
RND-DQN,1,10023,131.0
RND-DQN,1,10157,134.0
RND-DQN,1,10280,123.0
RND-DQN,1,10424,144.0
RND-DQN,1,10541,117.0
RND-DQN,1,10670,129.0
RND-DQN,1,10780,110.0
RND-DQN,1,10899,119.0
RND-DQN,1,11024,125.0
RND-DQN,1,11153,129.0
RND-DQN,1,11269,116.0
RND-DQN,1,11393,124.0
RND-DQN,1,11533,140.0
RND-DQN,1,11666,133.0
RND-DQN,1,11788,122.0
RND-DQN,1,11934,146.0
RND-DQN,1,12069,135.0
RND-DQN,1,12218,149.0
RND-DQN,1,12339,121.0
RND-DQN,1,12458,119.0
RND-DQN,1,12582,124.0
RND-DQN,1,12702,120.0
RND-DQN,1,12823,121.0
RND-DQN,1,12952,129.0
RND-DQN,1,13086,134.0
RND-DQN,1,13207,121.0
RND-DQN,1,13330,123.0
RND-DQN,1,13463,133.0
RND-DQN,1,13591,128.0
RND-DQN,1,13735,144.0
RND-DQN,1,13886,151.0
RND-DQN,1,14024,138.0
RND-DQN,1,14156,132.0
RND-DQN,1,14336,180.0
RND-DQN,1,14457,121.0
RND-DQN,1,14602,145.0
RND-DQN,1,14753,151.0
RND-DQN,1,14895,142.0
RND-DQN,1,15028,133.0
RND-DQN,1,15278,250.0
RND-DQN,1,15418,140.0
RND-DQN,1,15556,138.0
RND-DQN,1,15719,163.0
RND-DQN,1,15874,155.0
RND-DQN,1,15972,98.0
RND-DQN,1,16130,158.0
RND-DQN,1,16257,127.0
RND-DQN,1,16382,125.0
RND-DQN,1,16524,142.0
RND-DQN,1,16646,122.0
RND-DQN,1,16785,139.0
RND-DQN,1,16917,132.0
RND-DQN,1,17033,116.0
RND-DQN,1,17272,239.0
RND-DQN,1,17419,147.0
RND-DQN,1,17577,158.0
RND-DQN,1,17798,221.0
RND-DQN,1,17874,76.0
RND-DQN,1,18079,205.0
RND-DQN,1,18238,159.0
RND-DQN,1,18443,205.0
RND-DQN,1,18625,182.0
RND-DQN,1,18773,148.0
RND-DQN,1,18907,134.0
RND-DQN,1,19066,159.0
RND-DQN,1,19216,150.0
RND-DQN,1,19393,177.0
RND-DQN,1,19535,142.0
RND-DQN,1,19683,148.0
RND-DQN,1,19847,164.0
DQN,2,23,23.0
DQN,2,48,25.0
DQN,2,68,20.0
DQN,2,86,18.0
DQN,2,107,21.0
DQN,2,131,24.0
DQN,2,143,12.0
DQN,2,159,16.0
DQN,2,170,11.0
DQN,2,182,12.0
DQN,2,197,15.0
DQN,2,207,10.0
DQN,2,228,21.0
DQN,2,237,9.0
DQN,2,250,13.0
DQN,2,262,12.0
DQN,2,272,10.0
DQN,2,293,21.0
DQN,2,303,10.0
DQN,2,326,23.0
DQN,2,340,14.0
DQN,2,350,10.0
DQN,2,366,16.0
DQN,2,379,13.0
DQN,2,400,21.0
DQN,2,410,10.0
DQN,2,421,11.0
DQN,2,435,14.0
DQN,2,446,11.0
DQN,2,457,11.0
DQN,2,468,11.0
DQN,2,482,14.0
DQN,2,496,14.0
DQN,2,505,9.0
DQN,2,517,12.0
DQN,2,531,14.0
DQN,2,541,10.0
DQN,2,553,12.0
DQN,2,565,12.0
DQN,2,576,11.0
DQN,2,587,11.0
DQN,2,597,10.0
DQN,2,606,9.0
DQN,2,620,14.0
DQN,2,630,10.0
DQN,2,640,10.0
DQN,2,649,9.0
DQN,2,658,9.0
DQN,2,669,11.0
DQN,2,681,12.0
DQN,2,694,13.0
DQN,2,704,10.0
DQN,2,713,9.0
DQN,2,721,8.0
DQN,2,733,12.0
DQN,2,741,8.0
DQN,2,750,9.0
DQN,2,761,11.0
DQN,2,771,10.0
DQN,2,781,10.0
DQN,2,792,11.0
DQN,2,802,10.0
DQN,2,814,12.0
DQN,2,827,13.0
DQN,2,839,12.0
DQN,2,849,10.0
DQN,2,866,17.0
DQN,2,876,10.0
DQN,2,886,10.0
DQN,2,897,11.0
DQN,2,910,13.0
DQN,2,920,10.0
DQN,2,931,11.0
DQN,2,940,9.0
DQN,2,950,10.0
DQN,2,959,9.0
DQN,2,969,10.0
DQN,2,978,9.0
DQN,2,991,13.0
DQN,2,1001,10.0
DQN,2,1011,10.0
DQN,2,1020,9.0
DQN,2,1030,10.0
DQN,2,1040,10.0
DQN,2,1064,24.0
DQN,2,1074,10.0
DQN,2,1097,23.0
DQN,2,1109,12.0
DQN,2,1119,10.0
DQN,2,1128,9.0
DQN,2,1144,16.0
DQN,2,1153,9.0
DQN,2,1162,9.0
DQN,2,1171,9.0
DQN,2,1180,9.0
DQN,2,1193,13.0
DQN,2,1202,9.0
DQN,2,1213,11.0
DQN,2,1223,10.0
DQN,2,1233,10.0
DQN,2,1241,8.0
DQN,2,1250,9.0
DQN,2,1261,11.0
DQN,2,1272,11.0
DQN,2,1281,9.0
DQN,2,1292,11.0
DQN,2,1304,12.0
DQN,2,1313,9.0
DQN,2,1323,10.0
DQN,2,1332,9.0
DQN,2,1341,9.0
DQN,2,1350,9.0
DQN,2,1360,10.0
DQN,2,1369,9.0
DQN,2,1378,9.0
DQN,2,1387,9.0
DQN,2,1396,9.0
DQN,2,1406,10.0
DQN,2,1414,8.0
DQN,2,1424,10.0
DQN,2,1434,10.0
DQN,2,1443,9.0
DQN,2,1452,9.0
DQN,2,1463,11.0
DQN,2,1472,9.0
DQN,2,1484,12.0
DQN,2,1493,9.0
DQN,2,1503,10.0
DQN,2,1512,9.0
DQN,2,1521,9.0
DQN,2,1529,8.0
DQN,2,1540,11.0
DQN,2,1551,11.0
DQN,2,1559,8.0
DQN,2,1568,9.0
DQN,2,1579,11.0
DQN,2,1589,10.0
DQN,2,1598,9.0
DQN,2,1608,10.0
DQN,2,1618,10.0
DQN,2,1628,10.0
DQN,2,1652,24.0
DQN,2,1677,25.0
DQN,2,1688,11.0
DQN,2,1697,9.0
DQN,2,1706,9.0
DQN,2,1715,9.0
DQN,2,1727,12.0
DQN,2,1737,10.0
DQN,2,1747,10.0
DQN,2,1757,10.0
DQN,2,1779,22.0
DQN,2,1800,21.0
DQN,2,1810,10.0
DQN,2,1819,9.0
DQN,2,1828,9.0
DQN,2,1839,11.0
DQN,2,1848,9.0
DQN,2,1857,9.0
DQN,2,1866,9.0
DQN,2,1876,10.0
DQN,2,1886,10.0
DQN,2,1895,9.0
DQN,2,1905,10.0
DQN,2,1914,9.0
DQN,2,1926,12.0
DQN,2,1935,9.0
DQN,2,1945,10.0
DQN,2,1980,35.0
DQN,2,1990,10.0
DQN,2,2000,10.0
DQN,2,2009,9.0
DQN,2,2018,9.0
DQN,2,2028,10.0
DQN,2,2044,16.0
DQN,2,2054,10.0
DQN,2,2083,29.0
DQN,2,2093,10.0
DQN,2,2104,11.0
DQN,2,2114,10.0
DQN,2,2155,41.0
DQN,2,2165,10.0
DQN,2,2175,10.0
DQN,2,2185,10.0
DQN,2,2207,22.0
DQN,2,2227,20.0
DQN,2,2237,10.0
DQN,2,2248,11.0
DQN,2,2257,9.0
DQN,2,2296,39.0
DQN,2,2304,8.0
DQN,2,2331,27.0
DQN,2,2340,9.0
DQN,2,2387,47.0
DQN,2,2415,28.0
DQN,2,2440,25.0
DQN,2,2467,27.0
DQN,2,2477,10.0
DQN,2,2488,11.0
DQN,2,2502,14.0
DQN,2,2529,27.0
DQN,2,2583,54.0
DQN,2,2593,10.0
DQN,2,2606,13.0
DQN,2,2621,15.0
DQN,2,2636,15.0
DQN,2,2648,12.0
DQN,2,2659,11.0
DQN,2,2672,13.0
DQN,2,2687,15.0
DQN,2,2696,9.0
DQN,2,2711,15.0
DQN,2,2719,8.0
DQN,2,2749,30.0
DQN,2,2785,36.0
DQN,2,2794,9.0
DQN,2,2811,17.0
DQN,2,2824,13.0
DQN,2,2944,120.0
DQN,2,2953,9.0
DQN,2,2963,10.0
DQN,2,2973,10.0
DQN,2,2986,13.0
DQN,2,2996,10.0
DQN,2,3006,10.0
DQN,2,3016,10.0
DQN,2,3025,9.0
DQN,2,3061,36.0
DQN,2,3073,12.0
DQN,2,3253,180.0
DQN,2,3325,72.0
DQN,2,3344,19.0
DQN,2,3354,10.0
DQN,2,3366,12.0
DQN,2,3432,66.0
DQN,2,3469,37.0
DQN,2,3517,48.0
DQN,2,3548,31.0
DQN,2,3558,10.0
DQN,2,3570,12.0
DQN,2,3593,23.0
DQN,2,3680,87.0
DQN,2,3754,74.0
DQN,2,3875,121.0
DQN,2,3910,35.0
DQN,2,3984,74.0
DQN,2,4045,61.0
DQN,2,4069,24.0
DQN,2,4178,109.0
DQN,2,4316,138.0
DQN,2,4499,183.0
DQN,2,4667,168.0
DQN,2,4774,107.0
DQN,2,4868,94.0
DQN,2,5087,219.0
DQN,2,5239,152.0
DQN,2,5446,207.0
DQN,2,5698,252.0
DQN,2,5900,202.0
DQN,2,6160,260.0
DQN,2,6326,166.0
DQN,2,6513,187.0
DQN,2,6757,244.0
DQN,2,6987,230.0
DQN,2,7189,202.0
DQN,2,7378,189.0
DQN,2,7578,200.0
DQN,2,7811,233.0
DQN,2,8311,500.0
DQN,2,8537,226.0
DQN,2,8738,201.0
DQN,2,8954,216.0
DQN,2,9177,223.0
DQN,2,9364,187.0
DQN,2,9569,205.0
DQN,2,9747,178.0
DQN,2,9978,231.0
DQN,2,10203,225.0
DQN,2,10506,303.0
DQN,2,10737,231.0
DQN,2,11010,273.0
DQN,2,11277,267.0
DQN,2,11513,236.0
DQN,2,11734,221.0
DQN,2,12011,277.0
DQN,2,12225,214.0
DQN,2,12479,254.0
DQN,2,12678,199.0
DQN,2,12918,240.0
DQN,2,13127,209.0
DQN,2,13390,263.0
DQN,2,13701,311.0
DQN,2,13955,254.0
DQN,2,14197,242.0
DQN,2,14506,309.0
DQN,2,14779,273.0
DQN,2,15011,232.0
DQN,2,15309,298.0
DQN,2,15809,500.0
DQN,2,16077,268.0
DQN,2,16306,229.0
DQN,2,16522,216.0
DQN,2,16836,314.0
DQN,2,17123,287.0
DQN,2,17390,267.0
DQN,2,17684,294.0
DQN,2,17906,222.0
DQN,2,18226,320.0
DQN,2,18434,208.0
DQN,2,18742,308.0
DQN,2,18969,227.0
DQN,2,19243,274.0
DQN,2,19477,234.0
DQN,2,19731,254.0
DQN,2,19921,190.0
RND-DQN,2,14,14.0
RND-DQN,2,42,28.0
RND-DQN,2,52,10.0
RND-DQN,2,79,27.0
RND-DQN,2,95,16.0
RND-DQN,2,106,11.0
RND-DQN,2,163,57.0
RND-DQN,2,174,11.0
RND-DQN,2,188,14.0
RND-DQN,2,203,15.0
RND-DQN,2,217,14.0
RND-DQN,2,227,10.0
RND-DQN,2,241,14.0
RND-DQN,2,262,21.0
RND-DQN,2,274,12.0
RND-DQN,2,300,26.0
RND-DQN,2,318,18.0
RND-DQN,2,328,10.0
RND-DQN,2,344,16.0
RND-DQN,2,354,10.0
RND-DQN,2,365,11.0
RND-DQN,2,374,9.0
RND-DQN,2,391,17.0
RND-DQN,2,408,17.0
RND-DQN,2,417,9.0
RND-DQN,2,428,11.0
RND-DQN,2,440,12.0
RND-DQN,2,452,12.0
RND-DQN,2,464,12.0
RND-DQN,2,476,12.0
RND-DQN,2,486,10.0
RND-DQN,2,500,14.0
RND-DQN,2,515,15.0
RND-DQN,2,532,17.0
RND-DQN,2,544,12.0
RND-DQN,2,557,13.0
RND-DQN,2,568,11.0
RND-DQN,2,581,13.0
RND-DQN,2,591,10.0
RND-DQN,2,601,10.0
RND-DQN,2,610,9.0
RND-DQN,2,631,21.0
RND-DQN,2,642,11.0
RND-DQN,2,652,10.0
RND-DQN,2,662,10.0
RND-DQN,2,671,9.0
RND-DQN,2,683,12.0
RND-DQN,2,698,15.0
RND-DQN,2,706,8.0
RND-DQN,2,716,10.0
RND-DQN,2,725,9.0
RND-DQN,2,736,11.0
RND-DQN,2,746,10.0
RND-DQN,2,756,10.0
RND-DQN,2,769,13.0
RND-DQN,2,780,11.0
RND-DQN,2,790,10.0
RND-DQN,2,799,9.0
RND-DQN,2,808,9.0
RND-DQN,2,818,10.0
RND-DQN,2,830,12.0
RND-DQN,2,843,13.0
RND-DQN,2,852,9.0
RND-DQN,2,863,11.0
RND-DQN,2,873,10.0
RND-DQN,2,883,10.0
RND-DQN,2,893,10.0
RND-DQN,2,901,8.0
RND-DQN,2,912,11.0
RND-DQN,2,922,10.0
RND-DQN,2,931,9.0
RND-DQN,2,940,9.0
RND-DQN,2,948,8.0
RND-DQN,2,957,9.0
RND-DQN,2,968,11.0
RND-DQN,2,978,10.0
RND-DQN,2,991,13.0
RND-DQN,2,1002,11.0
RND-DQN,2,1012,10.0
RND-DQN,2,1022,10.0
RND-DQN,2,1031,9.0
RND-DQN,2,1043,12.0
RND-DQN,2,1059,16.0
RND-DQN,2,1069,10.0
RND-DQN,2,1078,9.0
RND-DQN,2,1086,8.0
RND-DQN,2,1099,13.0
RND-DQN,2,1109,10.0
RND-DQN,2,1126,17.0
RND-DQN,2,1140,14.0
RND-DQN,2,1150,10.0
RND-DQN,2,1160,10.0
RND-DQN,2,1170,10.0
RND-DQN,2,1180,10.0
RND-DQN,2,1191,11.0
RND-DQN,2,1199,8.0
RND-DQN,2,1208,9.0
RND-DQN,2,1230,22.0
RND-DQN,2,1240,10.0
RND-DQN,2,1250,10.0
RND-DQN,2,1260,10.0
RND-DQN,2,1270,10.0
RND-DQN,2,1280,10.0
RND-DQN,2,1291,11.0
RND-DQN,2,1301,10.0
RND-DQN,2,1310,9.0
RND-DQN,2,1319,9.0
RND-DQN,2,1331,12.0
RND-DQN,2,1341,10.0
RND-DQN,2,1351,10.0
RND-DQN,2,1360,9.0
RND-DQN,2,1369,9.0
RND-DQN,2,1387,18.0
RND-DQN,2,1398,11.0
RND-DQN,2,1411,13.0
RND-DQN,2,1421,10.0
RND-DQN,2,1451,30.0
RND-DQN,2,1460,9.0
RND-DQN,2,1470,10.0
RND-DQN,2,1480,10.0
RND-DQN,2,1492,12.0
RND-DQN,2,1502,10.0
RND-DQN,2,1511,9.0
RND-DQN,2,1521,10.0
RND-DQN,2,1531,10.0
RND-DQN,2,1544,13.0
RND-DQN,2,1554,10.0
RND-DQN,2,1575,21.0
RND-DQN,2,1583,8.0
RND-DQN,2,1606,23.0
RND-DQN,2,1633,27.0
RND-DQN,2,1643,10.0
RND-DQN,2,1684,41.0
RND-DQN,2,1694,10.0
RND-DQN,2,1704,10.0
RND-DQN,2,1714,10.0
RND-DQN,2,1724,10.0
RND-DQN,2,1735,11.0
RND-DQN,2,1750,15.0
RND-DQN,2,1759,9.0
RND-DQN,2,1777,18.0
RND-DQN,2,1788,11.0
RND-DQN,2,1798,10.0
RND-DQN,2,1820,22.0
RND-DQN,2,1831,11.0
RND-DQN,2,1840,9.0
RND-DQN,2,1848,8.0
RND-DQN,2,1864,16.0
RND-DQN,2,1874,10.0
RND-DQN,2,1883,9.0
RND-DQN,2,1893,10.0
RND-DQN,2,1903,10.0
RND-DQN,2,1913,10.0
RND-DQN,2,1923,10.0
RND-DQN,2,1932,9.0
RND-DQN,2,1954,22.0
RND-DQN,2,1964,10.0
RND-DQN,2,1974,10.0
RND-DQN,2,1983,9.0
RND-DQN,2,1992,9.0
RND-DQN,2,2002,10.0
RND-DQN,2,2011,9.0
RND-DQN,2,2022,11.0
RND-DQN,2,2037,15.0
RND-DQN,2,2046,9.0
RND-DQN,2,2061,15.0
RND-DQN,2,2074,13.0
RND-DQN,2,2083,9.0
RND-DQN,2,2108,25.0
RND-DQN,2,2125,17.0
RND-DQN,2,2135,10.0
RND-DQN,2,2147,12.0
RND-DQN,2,2170,23.0
RND-DQN,2,2192,22.0
RND-DQN,2,2222,30.0
RND-DQN,2,2230,8.0
RND-DQN,2,2242,12.0
RND-DQN,2,2257,15.0
RND-DQN,2,2266,9.0
RND-DQN,2,2292,26.0
RND-DQN,2,2301,9.0
RND-DQN,2,2318,17.0
RND-DQN,2,2338,20.0
RND-DQN,2,2361,23.0
RND-DQN,2,2371,10.0
RND-DQN,2,2382,11.0
RND-DQN,2,2393,11.0
RND-DQN,2,2402,9.0
RND-DQN,2,2427,25.0
RND-DQN,2,2436,9.0
RND-DQN,2,2455,19.0
RND-DQN,2,2464,9.0
RND-DQN,2,2479,15.0
RND-DQN,2,2489,10.0
RND-DQN,2,2498,9.0
RND-DQN,2,2509,11.0
RND-DQN,2,2519,10.0
RND-DQN,2,2541,22.0
RND-DQN,2,2551,10.0
RND-DQN,2,2560,9.0
RND-DQN,2,2570,10.0
RND-DQN,2,2585,15.0
RND-DQN,2,2597,12.0
RND-DQN,2,2621,24.0
RND-DQN,2,2638,17.0
RND-DQN,2,2648,10.0
RND-DQN,2,2659,11.0
RND-DQN,2,2670,11.0
RND-DQN,2,2692,22.0
RND-DQN,2,2717,25.0
RND-DQN,2,2727,10.0
RND-DQN,2,2738,11.0
RND-DQN,2,2758,20.0
RND-DQN,2,2771,13.0
RND-DQN,2,2797,26.0
RND-DQN,2,2823,26.0
RND-DQN,2,2836,13.0
RND-DQN,2,2847,11.0
RND-DQN,2,2861,14.0
RND-DQN,2,2870,9.0
RND-DQN,2,2880,10.0
RND-DQN,2,2904,24.0
RND-DQN,2,2914,10.0
RND-DQN,2,2945,31.0
RND-DQN,2,2964,19.0
RND-DQN,2,2975,11.0
RND-DQN,2,2986,11.0
RND-DQN,2,3003,17.0
RND-DQN,2,3027,24.0
RND-DQN,2,3049,22.0
RND-DQN,2,3068,19.0
RND-DQN,2,3081,13.0
RND-DQN,2,3111,30.0
RND-DQN,2,3145,34.0
RND-DQN,2,3169,24.0
RND-DQN,2,3180,11.0
RND-DQN,2,3197,17.0
RND-DQN,2,3219,22.0
RND-DQN,2,3239,20.0
RND-DQN,2,3255,16.0
RND-DQN,2,3288,33.0
RND-DQN,2,3314,26.0
RND-DQN,2,3361,47.0
RND-DQN,2,3376,15.0
RND-DQN,2,3397,21.0
RND-DQN,2,3429,32.0
RND-DQN,2,3452,23.0
RND-DQN,2,3464,12.0
RND-DQN,2,3486,22.0
RND-DQN,2,3553,67.0
RND-DQN,2,3595,42.0
RND-DQN,2,3624,29.0
RND-DQN,2,3652,28.0
RND-DQN,2,3678,26.0
RND-DQN,2,3714,36.0
RND-DQN,2,3731,17.0
RND-DQN,2,3757,26.0
RND-DQN,2,3783,26.0
RND-DQN,2,3841,58.0
RND-DQN,2,3851,10.0
RND-DQN,2,3875,24.0
RND-DQN,2,3900,25.0
RND-DQN,2,3929,29.0
RND-DQN,2,4005,76.0
RND-DQN,2,4023,18.0
RND-DQN,2,4043,20.0
RND-DQN,2,4090,47.0
RND-DQN,2,4131,41.0
RND-DQN,2,4253,122.0
RND-DQN,2,4333,80.0
RND-DQN,2,4401,68.0
RND-DQN,2,4436,35.0
RND-DQN,2,4530,94.0
RND-DQN,2,4553,23.0
RND-DQN,2,4616,63.0
RND-DQN,2,4699,83.0
RND-DQN,2,4784,85.0
RND-DQN,2,4857,73.0
RND-DQN,2,4952,95.0
RND-DQN,2,5062,110.0
RND-DQN,2,5164,102.0
RND-DQN,2,5268,104.0
RND-DQN,2,5376,108.0
RND-DQN,2,5491,115.0
RND-DQN,2,5586,95.0
RND-DQN,2,5683,97.0
RND-DQN,2,5788,105.0
RND-DQN,2,5893,105.0
RND-DQN,2,6002,109.0
RND-DQN,2,6122,120.0
RND-DQN,2,6276,154.0
RND-DQN,2,6434,158.0
RND-DQN,2,6607,173.0
RND-DQN,2,6719,112.0
RND-DQN,2,6824,105.0
RND-DQN,2,6951,127.0
RND-DQN,2,7084,133.0
RND-DQN,2,7354,270.0
RND-DQN,2,7537,183.0
RND-DQN,2,7708,171.0
RND-DQN,2,7872,164.0
RND-DQN,2,8007,135.0
RND-DQN,2,8256,249.0
RND-DQN,2,8435,179.0
RND-DQN,2,8673,238.0
RND-DQN,2,8832,159.0
RND-DQN,2,9064,232.0
RND-DQN,2,9235,171.0
RND-DQN,2,9464,229.0
RND-DQN,2,9620,156.0
RND-DQN,2,9817,197.0
RND-DQN,2,9973,156.0
RND-DQN,2,10134,161.0
RND-DQN,2,10328,194.0
RND-DQN,2,10502,174.0
RND-DQN,2,10636,134.0
RND-DQN,2,10865,229.0
RND-DQN,2,11021,156.0
RND-DQN,2,11189,168.0
RND-DQN,2,11382,193.0
RND-DQN,2,11571,189.0
RND-DQN,2,11717,146.0
RND-DQN,2,11869,152.0
RND-DQN,2,12061,192.0
RND-DQN,2,12237,176.0
RND-DQN,2,12435,198.0
RND-DQN,2,12598,163.0
RND-DQN,2,12731,133.0
RND-DQN,2,12921,190.0
RND-DQN,2,13084,163.0
RND-DQN,2,13246,162.0
RND-DQN,2,13424,178.0
RND-DQN,2,13595,171.0
RND-DQN,2,13882,287.0
RND-DQN,2,14056,174.0
RND-DQN,2,14232,176.0
RND-DQN,2,14539,307.0
RND-DQN,2,14699,160.0
RND-DQN,2,14911,212.0
RND-DQN,2,15079,168.0
RND-DQN,2,15260,181.0
RND-DQN,2,15506,246.0
RND-DQN,2,15699,193.0
RND-DQN,2,15911,212.0
RND-DQN,2,16129,218.0
RND-DQN,2,16341,212.0
RND-DQN,2,16495,154.0
RND-DQN,2,16753,258.0
RND-DQN,2,16973,220.0
RND-DQN,2,17452,479.0
RND-DQN,2,17600,148.0
RND-DQN,2,17734,134.0
RND-DQN,2,17869,135.0
RND-DQN,2,18017,148.0
RND-DQN,2,18183,166.0
RND-DQN,2,18321,138.0
RND-DQN,2,18491,170.0
RND-DQN,2,18625,134.0
RND-DQN,2,18779,154.0
RND-DQN,2,18909,130.0
RND-DQN,2,19040,131.0
RND-DQN,2,19177,137.0
RND-DQN,2,19317,140.0
RND-DQN,2,19474,157.0
RND-DQN,2,19616,142.0
RND-DQN,2,19784,168.0
RND-DQN,2,19989,205.0
DQN,3,21,21.0
DQN,3,42,21.0
DQN,3,60,18.0
DQN,3,85,25.0
DQN,3,101,16.0
DQN,3,157,56.0
DQN,3,181,24.0
DQN,3,203,22.0
DQN,3,237,34.0
DQN,3,257,20.0
DQN,3,276,19.0
DQN,3,327,51.0
DQN,3,357,30.0
DQN,3,377,20.0
DQN,3,393,16.0
DQN,3,413,20.0
DQN,3,428,15.0
DQN,3,448,20.0
DQN,3,467,19.0
DQN,3,486,19.0
DQN,3,504,18.0
DQN,3,531,27.0
DQN,3,553,22.0
DQN,3,576,23.0
DQN,3,604,28.0
DQN,3,626,22.0
DQN,3,644,18.0
DQN,3,663,19.0
DQN,3,683,20.0
DQN,3,708,25.0
DQN,3,729,21.0
DQN,3,754,25.0
DQN,3,782,28.0
DQN,3,800,18.0
DQN,3,827,27.0
DQN,3,851,24.0
DQN,3,868,17.0
DQN,3,884,16.0
DQN,3,903,19.0
DQN,3,926,23.0
DQN,3,950,24.0
DQN,3,967,17.0
DQN,3,985,18.0
DQN,3,1008,23.0
DQN,3,1034,26.0
DQN,3,1046,12.0
DQN,3,1058,12.0
DQN,3,1074,16.0
DQN,3,1096,22.0
DQN,3,1154,58.0
DQN,3,1182,28.0
DQN,3,1214,32.0
DQN,3,1252,38.0
DQN,3,1305,53.0
DQN,3,1331,26.0
DQN,3,1341,10.0
DQN,3,1366,25.0
DQN,3,1402,36.0
DQN,3,1423,21.0
DQN,3,1472,49.0
DQN,3,1481,9.0
DQN,3,1492,11.0
DQN,3,1507,15.0
DQN,3,1524,17.0
DQN,3,1533,9.0
DQN,3,1558,25.0
DQN,3,1589,31.0
DQN,3,1617,28.0
DQN,3,1626,9.0
DQN,3,1657,31.0
DQN,3,1686,29.0
DQN,3,1704,18.0
DQN,3,1719,15.0
DQN,3,1729,10.0
DQN,3,1739,10.0
DQN,3,1759,20.0
DQN,3,1769,10.0
DQN,3,1787,18.0
DQN,3,1796,9.0
DQN,3,1806,10.0
DQN,3,1815,9.0
DQN,3,1843,28.0
DQN,3,1864,21.0
DQN,3,1904,40.0
DQN,3,1918,14.0
DQN,3,1931,13.0
DQN,3,1962,31.0
DQN,3,1974,12.0
DQN,3,2008,34.0
DQN,3,2018,10.0
DQN,3,2032,14.0
DQN,3,2042,10.0
DQN,3,2059,17.0
DQN,3,2076,17.0
DQN,3,2085,9.0
DQN,3,2094,9.0
DQN,3,2136,42.0
DQN,3,2196,60.0
DQN,3,2242,46.0
DQN,3,2257,15.0
DQN,3,2276,19.0
DQN,3,2324,48.0
DQN,3,2343,19.0
DQN,3,2374,31.0
DQN,3,2404,30.0
DQN,3,2413,9.0
DQN,3,2439,26.0
DQN,3,2449,10.0
DQN,3,2481,32.0
DQN,3,2547,66.0
DQN,3,2604,57.0
DQN,3,2614,10.0
DQN,3,2623,9.0
DQN,3,2633,10.0
DQN,3,2657,24.0
DQN,3,2667,10.0
DQN,3,2726,59.0
DQN,3,2769,43.0
DQN,3,2790,21.0
DQN,3,2909,119.0
DQN,3,2918,9.0
DQN,3,2930,12.0
DQN,3,2951,21.0
DQN,3,2963,12.0
DQN,3,2981,18.0
DQN,3,3010,29.0
DQN,3,3035,25.0
DQN,3,3045,10.0
DQN,3,3063,18.0
DQN,3,3125,62.0
DQN,3,3184,59.0
DQN,3,3213,29.0
DQN,3,3245,32.0
DQN,3,3284,39.0
DQN,3,3425,141.0
DQN,3,3509,84.0
DQN,3,3585,76.0
DQN,3,3738,153.0
DQN,3,3857,119.0
DQN,3,4018,161.0
DQN,3,4176,158.0
DQN,3,4324,148.0
DQN,3,4491,167.0
DQN,3,4618,127.0
DQN,3,4784,166.0
DQN,3,4944,160.0
DQN,3,5126,182.0
DQN,3,5326,200.0
DQN,3,5398,72.0
DQN,3,5498,100.0
DQN,3,5666,168.0
DQN,3,5838,172.0
DQN,3,5983,145.0
DQN,3,6149,166.0
DQN,3,6358,209.0
DQN,3,6520,162.0
DQN,3,6703,183.0
DQN,3,6916,213.0
DQN,3,7062,146.0
DQN,3,7268,206.0
DQN,3,7451,183.0
DQN,3,7664,213.0
DQN,3,7836,172.0
DQN,3,8051,215.0
DQN,3,8199,148.0
DQN,3,8403,204.0
DQN,3,8550,147.0
DQN,3,8764,214.0
DQN,3,8931,167.0
DQN,3,9118,187.0
DQN,3,9293,175.0
DQN,3,9463,170.0
DQN,3,9638,175.0
DQN,3,9813,175.0
DQN,3,10024,211.0
DQN,3,10202,178.0
DQN,3,10399,197.0
DQN,3,10587,188.0
DQN,3,10827,240.0
DQN,3,10984,157.0
DQN,3,11141,157.0
DQN,3,11339,198.0
DQN,3,11531,192.0
DQN,3,11852,321.0
DQN,3,12055,203.0
DQN,3,12236,181.0
DQN,3,12417,181.0
DQN,3,12610,193.0
DQN,3,12795,185.0
DQN,3,12977,182.0
DQN,3,13163,186.0
DQN,3,13325,162.0
DQN,3,13485,160.0
DQN,3,13651,166.0
DQN,3,13814,163.0
DQN,3,13983,169.0
DQN,3,14146,163.0
DQN,3,14326,180.0
DQN,3,14496,170.0
DQN,3,14654,158.0
DQN,3,14824,170.0
DQN,3,14993,169.0
DQN,3,15145,152.0
DQN,3,15309,164.0
DQN,3,15465,156.0
DQN,3,15621,156.0
DQN,3,15774,153.0
DQN,3,15972,198.0
DQN,3,16117,145.0
DQN,3,16290,173.0
DQN,3,16455,165.0
DQN,3,16642,187.0
DQN,3,16813,171.0
DQN,3,16999,186.0
DQN,3,17180,181.0
DQN,3,17343,163.0
DQN,3,17524,181.0
DQN,3,17725,201.0
DQN,3,17899,174.0
DQN,3,18097,198.0
DQN,3,18295,198.0
DQN,3,18481,186.0
DQN,3,18663,182.0
DQN,3,18820,157.0
DQN,3,18989,169.0
DQN,3,19219,230.0
DQN,3,19395,176.0
DQN,3,19560,165.0
DQN,3,19724,164.0
DQN,3,19885,161.0
RND-DQN,3,15,15.0
RND-DQN,3,63,48.0
RND-DQN,3,94,31.0
RND-DQN,3,122,28.0
RND-DQN,3,161,39.0
RND-DQN,3,180,19.0
RND-DQN,3,216,36.0
RND-DQN,3,296,80.0
RND-DQN,3,319,23.0
RND-DQN,3,349,30.0
RND-DQN,3,386,37.0
RND-DQN,3,425,39.0
RND-DQN,3,441,16.0
RND-DQN,3,475,34.0
RND-DQN,3,510,35.0
RND-DQN,3,537,27.0
RND-DQN,3,565,28.0
RND-DQN,3,605,40.0
RND-DQN,3,619,14.0
RND-DQN,3,636,17.0
RND-DQN,3,653,17.0
RND-DQN,3,672,19.0
RND-DQN,3,696,24.0
RND-DQN,3,718,22.0
RND-DQN,3,738,20.0
RND-DQN,3,765,27.0
RND-DQN,3,782,17.0
RND-DQN,3,807,25.0
RND-DQN,3,829,22.0
RND-DQN,3,852,23.0
RND-DQN,3,883,31.0
RND-DQN,3,904,21.0
RND-DQN,3,922,18.0
RND-DQN,3,941,19.0
RND-DQN,3,958,17.0
RND-DQN,3,976,18.0
RND-DQN,3,992,16.0
RND-DQN,3,1013,21.0
RND-DQN,3,1035,22.0
RND-DQN,3,1049,14.0
RND-DQN,3,1058,9.0
RND-DQN,3,1069,11.0
RND-DQN,3,1079,10.0
RND-DQN,3,1089,10.0
RND-DQN,3,1098,9.0
RND-DQN,3,1111,13.0
RND-DQN,3,1123,12.0
RND-DQN,3,1143,20.0
RND-DQN,3,1161,18.0
RND-DQN,3,1223,62.0
RND-DQN,3,1235,12.0
RND-DQN,3,1245,10.0
RND-DQN,3,1255,10.0
RND-DQN,3,1292,37.0
RND-DQN,3,1330,38.0
RND-DQN,3,1354,24.0
RND-DQN,3,1381,27.0
RND-DQN,3,1408,27.0
RND-DQN,3,1417,9.0
RND-DQN,3,1441,24.0
RND-DQN,3,1450,9.0
RND-DQN,3,1472,22.0
RND-DQN,3,1493,21.0
RND-DQN,3,1510,17.0
RND-DQN,3,1520,10.0
RND-DQN,3,1548,28.0
RND-DQN,3,1569,21.0
RND-DQN,3,1583,14.0
RND-DQN,3,1602,19.0
RND-DQN,3,1631,29.0
RND-DQN,3,1645,14.0
RND-DQN,3,1666,21.0
RND-DQN,3,1691,25.0
RND-DQN,3,1709,18.0
RND-DQN,3,1719,10.0
RND-DQN,3,1747,28.0
RND-DQN,3,1772,25.0
RND-DQN,3,1784,12.0
RND-DQN,3,1794,10.0
RND-DQN,3,1820,26.0
RND-DQN,3,1846,26.0
RND-DQN,3,1858,12.0
RND-DQN,3,1887,29.0
RND-DQN,3,1895,8.0
RND-DQN,3,1925,30.0
RND-DQN,3,1940,15.0
RND-DQN,3,1987,47.0
RND-DQN,3,2002,15.0
RND-DQN,3,2012,10.0
RND-DQN,3,2034,22.0
RND-DQN,3,2043,9.0
RND-DQN,3,2068,25.0
RND-DQN,3,2078,10.0
RND-DQN,3,2087,9.0
RND-DQN,3,2097,10.0
RND-DQN,3,2105,8.0
RND-DQN,3,2123,18.0
RND-DQN,3,2132,9.0
RND-DQN,3,2142,10.0
RND-DQN,3,2153,11.0
RND-DQN,3,2165,12.0
RND-DQN,3,2174,9.0
RND-DQN,3,2185,11.0
RND-DQN,3,2196,11.0
RND-DQN,3,2218,22.0
RND-DQN,3,2228,10.0
RND-DQN,3,2278,50.0
RND-DQN,3,2298,20.0
RND-DQN,3,2323,25.0
RND-DQN,3,2346,23.0
RND-DQN,3,2367,21.0
RND-DQN,3,2387,20.0
RND-DQN,3,2418,31.0
RND-DQN,3,2434,16.0
RND-DQN,3,2444,10.0
RND-DQN,3,2466,22.0
RND-DQN,3,2476,10.0
RND-DQN,3,2486,10.0
RND-DQN,3,2501,15.0
RND-DQN,3,2514,13.0
RND-DQN,3,2541,27.0
RND-DQN,3,2558,17.0
RND-DQN,3,2567,9.0
RND-DQN,3,2584,17.0
RND-DQN,3,2602,18.0
RND-DQN,3,2611,9.0
RND-DQN,3,2636,25.0
RND-DQN,3,2646,10.0
RND-DQN,3,2655,9.0
RND-DQN,3,2669,14.0
RND-DQN,3,2710,41.0
RND-DQN,3,2720,10.0
RND-DQN,3,2759,39.0
RND-DQN,3,2770,11.0
RND-DQN,3,2785,15.0
RND-DQN,3,2796,11.0
RND-DQN,3,2817,21.0
RND-DQN,3,2836,19.0
RND-DQN,3,2861,25.0
RND-DQN,3,2876,15.0
RND-DQN,3,2886,10.0
RND-DQN,3,2897,11.0
RND-DQN,3,2915,18.0
RND-DQN,3,2935,20.0
RND-DQN,3,2963,28.0
RND-DQN,3,2991,28.0
RND-DQN,3,3012,21.0
RND-DQN,3,3021,9.0
RND-DQN,3,3062,41.0
RND-DQN,3,3081,19.0
RND-DQN,3,3091,10.0
RND-DQN,3,3100,9.0
RND-DQN,3,3110,10.0
RND-DQN,3,3135,25.0
RND-DQN,3,3175,40.0
RND-DQN,3,3204,29.0
RND-DQN,3,3323,119.0
RND-DQN,3,3339,16.0
RND-DQN,3,3361,22.0
RND-DQN,3,3394,33.0
RND-DQN,3,3432,38.0
RND-DQN,3,3458,26.0
RND-DQN,3,3491,33.0
RND-DQN,3,3500,9.0
RND-DQN,3,3560,60.0
RND-DQN,3,3586,26.0
RND-DQN,3,3600,14.0
RND-DQN,3,3611,11.0
RND-DQN,3,3630,19.0
RND-DQN,3,3746,116.0
RND-DQN,3,3941,195.0
RND-DQN,3,3963,22.0
RND-DQN,3,4008,45.0
RND-DQN,3,4037,29.0
RND-DQN,3,4084,47.0
RND-DQN,3,4097,13.0
RND-DQN,3,4150,53.0
RND-DQN,3,4314,164.0
RND-DQN,3,4357,43.0
RND-DQN,3,4600,243.0
RND-DQN,3,4936,336.0
RND-DQN,3,5062,126.0
RND-DQN,3,5225,163.0
RND-DQN,3,5428,203.0
RND-DQN,3,5624,196.0
RND-DQN,3,5840,216.0
RND-DQN,3,6108,268.0
RND-DQN,3,6427,319.0
RND-DQN,3,6659,232.0
RND-DQN,3,6954,295.0
RND-DQN,3,7215,261.0
RND-DQN,3,7581,366.0
RND-DQN,3,7898,317.0
RND-DQN,3,8219,321.0
RND-DQN,3,8461,242.0
RND-DQN,3,8728,267.0
RND-DQN,3,9006,278.0
RND-DQN,3,9273,267.0
RND-DQN,3,9558,285.0
RND-DQN,3,9810,252.0
RND-DQN,3,10067,257.0
RND-DQN,3,10444,377.0
RND-DQN,3,10669,225.0
RND-DQN,3,10920,251.0
RND-DQN,3,11206,286.0
RND-DQN,3,11504,298.0
RND-DQN,3,11744,240.0
RND-DQN,3,11981,237.0
RND-DQN,3,12218,237.0
RND-DQN,3,12448,230.0
RND-DQN,3,12639,191.0
RND-DQN,3,12873,234.0
RND-DQN,3,13076,203.0
RND-DQN,3,13283,207.0
RND-DQN,3,13510,227.0
RND-DQN,3,13712,202.0
RND-DQN,3,13919,207.0
RND-DQN,3,14133,214.0
RND-DQN,3,14331,198.0
RND-DQN,3,14536,205.0
RND-DQN,3,14728,192.0
RND-DQN,3,14907,179.0
RND-DQN,3,15109,202.0
RND-DQN,3,15311,202.0
RND-DQN,3,15538,227.0
RND-DQN,3,15753,215.0
RND-DQN,3,15956,203.0
RND-DQN,3,16191,235.0
RND-DQN,3,16691,500.0
RND-DQN,3,17054,363.0
RND-DQN,3,17290,236.0
RND-DQN,3,17516,226.0
RND-DQN,3,17692,176.0
RND-DQN,3,17877,185.0
RND-DQN,3,18071,194.0
RND-DQN,3,18248,177.0
RND-DQN,3,18485,237.0
RND-DQN,3,18777,292.0
RND-DQN,3,18940,163.0
RND-DQN,3,19106,166.0
RND-DQN,3,19269,163.0
RND-DQN,3,19450,181.0
RND-DQN,3,19611,161.0
RND-DQN,3,19790,179.0
RND-DQN,3,19948,158.0
DQN,4,8,8.0
DQN,4,41,33.0
DQN,4,77,36.0
DQN,4,88,11.0
DQN,4,131,43.0
DQN,4,150,19.0
DQN,4,161,11.0
DQN,4,176,15.0
DQN,4,192,16.0
DQN,4,204,12.0
DQN,4,216,12.0
DQN,4,231,15.0
DQN,4,243,12.0
DQN,4,254,11.0
DQN,4,267,13.0
DQN,4,285,18.0
DQN,4,298,13.0
DQN,4,311,13.0
DQN,4,327,16.0
DQN,4,340,13.0
DQN,4,351,11.0
DQN,4,367,16.0
DQN,4,379,12.0
DQN,4,394,15.0
DQN,4,407,13.0
DQN,4,418,11.0
DQN,4,430,12.0
DQN,4,441,11.0
DQN,4,459,18.0
DQN,4,472,13.0
DQN,4,486,14.0
DQN,4,500,14.0
DQN,4,512,12.0
DQN,4,526,14.0
DQN,4,537,11.0
DQN,4,547,10.0
DQN,4,556,9.0
DQN,4,564,8.0
DQN,4,574,10.0
DQN,4,588,14.0
DQN,4,600,12.0
DQN,4,614,14.0
DQN,4,628,14.0
DQN,4,641,13.0
DQN,4,651,10.0
DQN,4,660,9.0
DQN,4,670,10.0
DQN,4,679,9.0
DQN,4,688,9.0
DQN,4,700,12.0
DQN,4,710,10.0
DQN,4,720,10.0
DQN,4,729,9.0
DQN,4,737,8.0
DQN,4,750,13.0
DQN,4,758,8.0
DQN,4,769,11.0
DQN,4,780,11.0
DQN,4,789,9.0
DQN,4,800,11.0
DQN,4,811,11.0
DQN,4,823,12.0
DQN,4,834,11.0
DQN,4,844,10.0
DQN,4,854,10.0
DQN,4,864,10.0
DQN,4,874,10.0
DQN,4,885,11.0
DQN,4,895,10.0
DQN,4,906,11.0
DQN,4,918,12.0
DQN,4,928,10.0
DQN,4,938,10.0
DQN,4,948,10.0
DQN,4,958,10.0
DQN,4,966,8.0
DQN,4,976,10.0
DQN,4,985,9.0
DQN,4,996,11.0
DQN,4,1005,9.0
DQN,4,1015,10.0
DQN,4,1024,9.0
DQN,4,1034,10.0
DQN,4,1043,9.0
DQN,4,1053,10.0
DQN,4,1063,10.0
DQN,4,1072,9.0
DQN,4,1084,12.0
DQN,4,1095,11.0
DQN,4,1104,9.0
DQN,4,1114,10.0
DQN,4,1125,11.0
DQN,4,1135,10.0
DQN,4,1144,9.0
DQN,4,1156,12.0
DQN,4,1168,12.0
DQN,4,1178,10.0
DQN,4,1188,10.0
DQN,4,1199,11.0
DQN,4,1208,9.0
DQN,4,1216,8.0
DQN,4,1226,10.0
DQN,4,1237,11.0
DQN,4,1249,12.0
DQN,4,1258,9.0
DQN,4,1268,10.0
DQN,4,1277,9.0
DQN,4,1287,10.0
DQN,4,1296,9.0
DQN,4,1307,11.0
DQN,4,1315,8.0
DQN,4,1324,9.0
DQN,4,1333,9.0
DQN,4,1342,9.0
DQN,4,1352,10.0
DQN,4,1361,9.0
DQN,4,1370,9.0
DQN,4,1380,10.0
DQN,4,1388,8.0
DQN,4,1398,10.0
DQN,4,1409,11.0
DQN,4,1418,9.0
DQN,4,1427,9.0
DQN,4,1437,10.0
DQN,4,1446,9.0
DQN,4,1456,10.0
DQN,4,1466,10.0
DQN,4,1476,10.0
DQN,4,1485,9.0
DQN,4,1494,9.0
DQN,4,1504,10.0
DQN,4,1514,10.0
DQN,4,1525,11.0
DQN,4,1535,10.0
DQN,4,1544,9.0
DQN,4,1555,11.0
DQN,4,1565,10.0
DQN,4,1575,10.0
DQN,4,1585,10.0
DQN,4,1594,9.0
DQN,4,1604,10.0
DQN,4,1613,9.0
DQN,4,1622,9.0
DQN,4,1631,9.0
DQN,4,1640,9.0
DQN,4,1648,8.0
DQN,4,1657,9.0
DQN,4,1668,11.0
DQN,4,1677,9.0
DQN,4,1687,10.0
DQN,4,1697,10.0
DQN,4,1706,9.0
DQN,4,1727,21.0
DQN,4,1738,11.0
DQN,4,1747,9.0
DQN,4,1756,9.0
DQN,4,1765,9.0
DQN,4,1774,9.0
DQN,4,1784,10.0
DQN,4,1794,10.0
DQN,4,1803,9.0
DQN,4,1813,10.0
DQN,4,1822,9.0
DQN,4,1830,8.0
DQN,4,1839,9.0
DQN,4,1848,9.0
DQN,4,1857,9.0
DQN,4,1867,10.0
DQN,4,1875,8.0
DQN,4,1886,11.0
DQN,4,1896,10.0
DQN,4,1906,10.0
DQN,4,1916,10.0
DQN,4,1925,9.0
DQN,4,1937,12.0
DQN,4,1947,10.0
DQN,4,1958,11.0
DQN,4,1967,9.0
DQN,4,1975,8.0
DQN,4,1985,10.0
DQN,4,1994,9.0
DQN,4,2005,11.0
DQN,4,2015,10.0
DQN,4,2025,10.0
DQN,4,2034,9.0
DQN,4,2044,10.0
DQN,4,2054,10.0
DQN,4,2063,9.0
DQN,4,2073,10.0
DQN,4,2112,39.0
DQN,4,2123,11.0
DQN,4,2132,9.0
DQN,4,2142,10.0
DQN,4,2151,9.0
DQN,4,2160,9.0
DQN,4,2168,8.0
DQN,4,2176,8.0
DQN,4,2185,9.0
DQN,4,2204,19.0
DQN,4,2213,9.0
DQN,4,2222,9.0
DQN,4,2231,9.0
DQN,4,2240,9.0
DQN,4,2250,10.0
DQN,4,2259,9.0
DQN,4,2268,9.0
DQN,4,2276,8.0
DQN,4,2287,11.0
DQN,4,2298,11.0
DQN,4,2308,10.0
DQN,4,2317,9.0
DQN,4,2327,10.0
DQN,4,2335,8.0
DQN,4,2362,27.0
DQN,4,2379,17.0
DQN,4,2388,9.0
DQN,4,2398,10.0
DQN,4,2413,15.0
DQN,4,2424,11.0
DQN,4,2433,9.0
DQN,4,2444,11.0
DQN,4,2459,15.0
DQN,4,2469,10.0
DQN,4,2479,10.0
DQN,4,2498,19.0
DQN,4,2509,11.0
DQN,4,2529,20.0
DQN,4,2537,8.0
DQN,4,2549,12.0
DQN,4,2562,13.0
DQN,4,2579,17.0
DQN,4,2594,15.0
DQN,4,2610,16.0
DQN,4,2623,13.0
DQN,4,2640,17.0
DQN,4,2650,10.0
DQN,4,2664,14.0
DQN,4,2677,13.0
DQN,4,2687,10.0
DQN,4,2703,16.0
DQN,4,2718,15.0
DQN,4,2743,25.0
DQN,4,2756,13.0
DQN,4,2769,13.0
DQN,4,2783,14.0
DQN,4,2808,25.0
DQN,4,2818,10.0
DQN,4,2829,11.0
DQN,4,2845,16.0
DQN,4,2855,10.0
DQN,4,2864,9.0
DQN,4,2873,9.0
DQN,4,2884,11.0
DQN,4,2894,10.0
DQN,4,2905,11.0
DQN,4,2915,10.0
DQN,4,2924,9.0
DQN,4,2934,10.0
DQN,4,2943,9.0
DQN,4,2959,16.0
DQN,4,2969,10.0
DQN,4,2980,11.0
DQN,4,2991,11.0
DQN,4,3002,11.0
DQN,4,3014,12.0
DQN,4,3027,13.0
DQN,4,3040,13.0
DQN,4,3049,9.0
DQN,4,3075,26.0
DQN,4,3085,10.0
DQN,4,3098,13.0
DQN,4,3108,10.0
DQN,4,3119,11.0
DQN,4,3130,11.0
DQN,4,3151,21.0
DQN,4,3163,12.0
DQN,4,3174,11.0
DQN,4,3183,9.0
DQN,4,3194,11.0
DQN,4,3204,10.0
DQN,4,3216,12.0
DQN,4,3225,9.0
DQN,4,3255,30.0
DQN,4,3297,42.0
DQN,4,3307,10.0
DQN,4,3320,13.0
DQN,4,3335,15.0
DQN,4,3348,13.0
DQN,4,3419,71.0
DQN,4,3429,10.0
DQN,4,3441,12.0
DQN,4,3493,52.0
DQN,4,3522,29.0
DQN,4,3554,32.0
DQN,4,3582,28.0
DQN,4,3640,58.0
DQN,4,3768,128.0
DQN,4,3931,163.0
DQN,4,4028,97.0
DQN,4,4040,12.0
DQN,4,4050,10.0
DQN,4,4137,87.0
DQN,4,4270,133.0
DQN,4,4406,136.0
DQN,4,4640,234.0
DQN,4,4757,117.0
DQN,4,4950,193.0
DQN,4,5033,83.0
DQN,4,5216,183.0
DQN,4,5485,269.0
DQN,4,5653,168.0
DQN,4,5862,209.0
DQN,4,6012,150.0
DQN,4,6240,228.0
DQN,4,6429,189.0
DQN,4,6649,220.0
DQN,4,6826,177.0
DQN,4,7023,197.0
DQN,4,7211,188.0
DQN,4,7440,229.0
DQN,4,7700,260.0
DQN,4,7950,250.0
DQN,4,8271,321.0
DQN,4,8480,209.0
DQN,4,8674,194.0
DQN,4,8915,241.0
DQN,4,9113,198.0
DQN,4,9301,188.0
DQN,4,9530,229.0
DQN,4,9728,198.0
DQN,4,9894,166.0
DQN,4,10073,179.0
DQN,4,10248,175.0
DQN,4,10477,229.0
DQN,4,10740,263.0
DQN,4,10927,187.0
DQN,4,11119,192.0
DQN,4,11334,215.0
DQN,4,11543,209.0
DQN,4,11746,203.0
DQN,4,11960,214.0
DQN,4,12196,236.0
DQN,4,12435,239.0
DQN,4,12623,188.0
DQN,4,12868,245.0
DQN,4,13081,213.0
DQN,4,13344,263.0
DQN,4,13672,328.0
DQN,4,13964,292.0
DQN,4,14198,234.0
DQN,4,14450,252.0
DQN,4,14716,266.0
DQN,4,14907,191.0
DQN,4,15222,315.0
DQN,4,15460,238.0
DQN,4,15864,404.0
DQN,4,16062,198.0
DQN,4,16315,253.0
DQN,4,16528,213.0
DQN,4,16829,301.0
DQN,4,17064,235.0
DQN,4,17256,192.0
DQN,4,17530,274.0
DQN,4,17740,210.0
DQN,4,17988,248.0
DQN,4,18218,230.0
DQN,4,18412,194.0
DQN,4,18602,190.0
DQN,4,18809,207.0
DQN,4,18975,166.0
DQN,4,19154,179.0
DQN,4,19352,198.0
DQN,4,19527,175.0
DQN,4,19709,182.0
DQN,4,19868,159.0
RND-DQN,4,11,11.0
RND-DQN,4,33,22.0
RND-DQN,4,51,18.0
RND-DQN,4,80,29.0
RND-DQN,4,101,21.0
RND-DQN,4,128,27.0
RND-DQN,4,138,10.0
RND-DQN,4,176,38.0
RND-DQN,4,192,16.0
RND-DQN,4,203,11.0
RND-DQN,4,213,10.0
RND-DQN,4,234,21.0
RND-DQN,4,244,10.0
RND-DQN,4,258,14.0
RND-DQN,4,270,12.0
RND-DQN,4,288,18.0
RND-DQN,4,302,14.0
RND-DQN,4,314,12.0
RND-DQN,4,328,14.0
RND-DQN,4,340,12.0
RND-DQN,4,351,11.0
RND-DQN,4,369,18.0
RND-DQN,4,384,15.0
RND-DQN,4,394,10.0
RND-DQN,4,407,13.0
RND-DQN,4,417,10.0
RND-DQN,4,429,12.0
RND-DQN,4,439,10.0
RND-DQN,4,448,9.0
RND-DQN,4,461,13.0
RND-DQN,4,482,21.0
RND-DQN,4,495,13.0
RND-DQN,4,506,11.0
RND-DQN,4,519,13.0
RND-DQN,4,528,9.0
RND-DQN,4,537,9.0
RND-DQN,4,547,10.0
RND-DQN,4,557,10.0
RND-DQN,4,568,11.0
RND-DQN,4,577,9.0
RND-DQN,4,586,9.0
RND-DQN,4,598,12.0
RND-DQN,4,609,11.0
RND-DQN,4,619,10.0
RND-DQN,4,628,9.0
RND-DQN,4,641,13.0
RND-DQN,4,650,9.0
RND-DQN,4,660,10.0
RND-DQN,4,671,11.0
RND-DQN,4,681,10.0
RND-DQN,4,695,14.0
RND-DQN,4,705,10.0
RND-DQN,4,715,10.0
RND-DQN,4,724,9.0
RND-DQN,4,733,9.0
RND-DQN,4,744,11.0
RND-DQN,4,752,8.0
RND-DQN,4,763,11.0
RND-DQN,4,772,9.0
RND-DQN,4,783,11.0
RND-DQN,4,794,11.0
RND-DQN,4,806,12.0
RND-DQN,4,817,11.0
RND-DQN,4,828,11.0
RND-DQN,4,840,12.0
RND-DQN,4,849,9.0
RND-DQN,4,858,9.0
RND-DQN,4,868,10.0
RND-DQN,4,879,11.0
RND-DQN,4,891,12.0
RND-DQN,4,900,9.0
RND-DQN,4,913,13.0
RND-DQN,4,923,10.0
RND-DQN,4,931,8.0
RND-DQN,4,941,10.0
RND-DQN,4,952,11.0
RND-DQN,4,961,9.0
RND-DQN,4,970,9.0
RND-DQN,4,981,11.0
RND-DQN,4,992,11.0
RND-DQN,4,1002,10.0
RND-DQN,4,1010,8.0
RND-DQN,4,1018,8.0
RND-DQN,4,1028,10.0
RND-DQN,4,1037,9.0
RND-DQN,4,1046,9.0
RND-DQN,4,1055,9.0
RND-DQN,4,1063,8.0
RND-DQN,4,1073,10.0
RND-DQN,4,1085,12.0
RND-DQN,4,1096,11.0
RND-DQN,4,1104,8.0
RND-DQN,4,1116,12.0
RND-DQN,4,1125,9.0
RND-DQN,4,1135,10.0
RND-DQN,4,1144,9.0
RND-DQN,4,1153,9.0
RND-DQN,4,1164,11.0
RND-DQN,4,1174,10.0
RND-DQN,4,1186,12.0
RND-DQN,4,1197,11.0
RND-DQN,4,1206,9.0
RND-DQN,4,1214,8.0
RND-DQN,4,1224,10.0
RND-DQN,4,1234,10.0
RND-DQN,4,1245,11.0
RND-DQN,4,1257,12.0
RND-DQN,4,1266,9.0
RND-DQN,4,1276,10.0
RND-DQN,4,1286,10.0
RND-DQN,4,1295,9.0
RND-DQN,4,1305,10.0
RND-DQN,4,1317,12.0
RND-DQN,4,1327,10.0
RND-DQN,4,1335,8.0
RND-DQN,4,1344,9.0
RND-DQN,4,1352,8.0
RND-DQN,4,1361,9.0
RND-DQN,4,1371,10.0
RND-DQN,4,1381,10.0
RND-DQN,4,1389,8.0
RND-DQN,4,1400,11.0
RND-DQN,4,1411,11.0
RND-DQN,4,1421,10.0
RND-DQN,4,1431,10.0
RND-DQN,4,1441,10.0
RND-DQN,4,1450,9.0
RND-DQN,4,1460,10.0
RND-DQN,4,1468,8.0
RND-DQN,4,1478,10.0
RND-DQN,4,1486,8.0
RND-DQN,4,1495,9.0
RND-DQN,4,1503,8.0
RND-DQN,4,1515,12.0
RND-DQN,4,1523,8.0
RND-DQN,4,1532,9.0
RND-DQN,4,1542,10.0
RND-DQN,4,1553,11.0
RND-DQN,4,1561,8.0
RND-DQN,4,1571,10.0
RND-DQN,4,1580,9.0
RND-DQN,4,1589,9.0
RND-DQN,4,1598,9.0
RND-DQN,4,1606,8.0
RND-DQN,4,1616,10.0
RND-DQN,4,1626,10.0
RND-DQN,4,1635,9.0
RND-DQN,4,1644,9.0
RND-DQN,4,1654,10.0
RND-DQN,4,1664,10.0
RND-DQN,4,1673,9.0
RND-DQN,4,1683,10.0
RND-DQN,4,1691,8.0
RND-DQN,4,1702,11.0
RND-DQN,4,1711,9.0
RND-DQN,4,1721,10.0
RND-DQN,4,1730,9.0
RND-DQN,4,1738,8.0
RND-DQN,4,1747,9.0
RND-DQN,4,1757,10.0
RND-DQN,4,1766,9.0
RND-DQN,4,1776,10.0
RND-DQN,4,1788,12.0
RND-DQN,4,1796,8.0
RND-DQN,4,1805,9.0
RND-DQN,4,1814,9.0
RND-DQN,4,1822,8.0
RND-DQN,4,1831,9.0
RND-DQN,4,1840,9.0
RND-DQN,4,1849,9.0
RND-DQN,4,1857,8.0
RND-DQN,4,1866,9.0
RND-DQN,4,1875,9.0
RND-DQN,4,1885,10.0
RND-DQN,4,1894,9.0
RND-DQN,4,1903,9.0
RND-DQN,4,1912,9.0
RND-DQN,4,1920,8.0
RND-DQN,4,1932,12.0
RND-DQN,4,1941,9.0
RND-DQN,4,1950,9.0
RND-DQN,4,1962,12.0
RND-DQN,4,1972,10.0
RND-DQN,4,1982,10.0
RND-DQN,4,1992,10.0
RND-DQN,4,2002,10.0
RND-DQN,4,2012,10.0
RND-DQN,4,2020,8.0
RND-DQN,4,2030,10.0
RND-DQN,4,2039,9.0
RND-DQN,4,2050,11.0
RND-DQN,4,2060,10.0
RND-DQN,4,2069,9.0
RND-DQN,4,2078,9.0
RND-DQN,4,2087,9.0
RND-DQN,4,2098,11.0
RND-DQN,4,2107,9.0
RND-DQN,4,2117,10.0
RND-DQN,4,2127,10.0
RND-DQN,4,2135,8.0
RND-DQN,4,2143,8.0
RND-DQN,4,2153,10.0
RND-DQN,4,2162,9.0
RND-DQN,4,2174,12.0
RND-DQN,4,2185,11.0
RND-DQN,4,2195,10.0
RND-DQN,4,2235,40.0
RND-DQN,4,2245,10.0
RND-DQN,4,2253,8.0
RND-DQN,4,2263,10.0
RND-DQN,4,2273,10.0
RND-DQN,4,2284,11.0
RND-DQN,4,2292,8.0
RND-DQN,4,2303,11.0
RND-DQN,4,2327,24.0
RND-DQN,4,2337,10.0
RND-DQN,4,2346,9.0
RND-DQN,4,2363,17.0
RND-DQN,4,2376,13.0
RND-DQN,4,2384,8.0
RND-DQN,4,2392,8.0
RND-DQN,4,2401,9.0
RND-DQN,4,2410,9.0
RND-DQN,4,2419,9.0
RND-DQN,4,2428,9.0
RND-DQN,4,2438,10.0
RND-DQN,4,2448,10.0
RND-DQN,4,2459,11.0
RND-DQN,4,2469,10.0
RND-DQN,4,2500,31.0
RND-DQN,4,2516,16.0
RND-DQN,4,2545,29.0
RND-DQN,4,2561,16.0
RND-DQN,4,2576,15.0
RND-DQN,4,2592,16.0
RND-DQN,4,2622,30.0
RND-DQN,4,2632,10.0
RND-DQN,4,2648,16.0
RND-DQN,4,2659,11.0
RND-DQN,4,2670,11.0
RND-DQN,4,2680,10.0
RND-DQN,4,2692,12.0
RND-DQN,4,2702,10.0
RND-DQN,4,2715,13.0
RND-DQN,4,2724,9.0
RND-DQN,4,2733,9.0
RND-DQN,4,2745,12.0
RND-DQN,4,2756,11.0
RND-DQN,4,2787,31.0
RND-DQN,4,2799,12.0
RND-DQN,4,2810,11.0
RND-DQN,4,2819,9.0
RND-DQN,4,2828,9.0
RND-DQN,4,2840,12.0
RND-DQN,4,2851,11.0
RND-DQN,4,2861,10.0
RND-DQN,4,2870,9.0
RND-DQN,4,2880,10.0
RND-DQN,4,2892,12.0
RND-DQN,4,2904,12.0
RND-DQN,4,2915,11.0
RND-DQN,4,2926,11.0
RND-DQN,4,2941,15.0
RND-DQN,4,2952,11.0
RND-DQN,4,2967,15.0
RND-DQN,4,2976,9.0
RND-DQN,4,2987,11.0
RND-DQN,4,2999,12.0
RND-DQN,4,3012,13.0
RND-DQN,4,3021,9.0
RND-DQN,4,3033,12.0
RND-DQN,4,3044,11.0
RND-DQN,4,3055,11.0
RND-DQN,4,3064,9.0
RND-DQN,4,3101,37.0
RND-DQN,4,3113,12.0
RND-DQN,4,3128,15.0
RND-DQN,4,3186,58.0
RND-DQN,4,3200,14.0
RND-DQN,4,3212,12.0
RND-DQN,4,3223,11.0
RND-DQN,4,3235,12.0
RND-DQN,4,3247,12.0
RND-DQN,4,3279,32.0
RND-DQN,4,3312,33.0
RND-DQN,4,3344,32.0
RND-DQN,4,3367,23.0
RND-DQN,4,3380,13.0
RND-DQN,4,3394,14.0
RND-DQN,4,3406,12.0
RND-DQN,4,3438,32.0
RND-DQN,4,3455,17.0
RND-DQN,4,3464,9.0
RND-DQN,4,3500,36.0
RND-DQN,4,3514,14.0
RND-DQN,4,3576,62.0
RND-DQN,4,3673,97.0
RND-DQN,4,3714,41.0
RND-DQN,4,3743,29.0
RND-DQN,4,3922,179.0
RND-DQN,4,4057,135.0
RND-DQN,4,4177,120.0
RND-DQN,4,4354,177.0
RND-DQN,4,4483,129.0
RND-DQN,4,4599,116.0
RND-DQN,4,4716,117.0
RND-DQN,4,4878,162.0
RND-DQN,4,5110,232.0
RND-DQN,4,5284,174.0
RND-DQN,4,5521,237.0
RND-DQN,4,5753,232.0
RND-DQN,4,5937,184.0
RND-DQN,4,6135,198.0
RND-DQN,4,6369,234.0
RND-DQN,4,6602,233.0
RND-DQN,4,6753,151.0
RND-DQN,4,6952,199.0
RND-DQN,4,7223,271.0
RND-DQN,4,7447,224.0
RND-DQN,4,7649,202.0
RND-DQN,4,7819,170.0
RND-DQN,4,8012,193.0
RND-DQN,4,8230,218.0
RND-DQN,4,8387,157.0
RND-DQN,4,8519,132.0
RND-DQN,4,8679,160.0
RND-DQN,4,8864,185.0
RND-DQN,4,9200,336.0
RND-DQN,4,9453,253.0
RND-DQN,4,9748,295.0
RND-DQN,4,9985,237.0
RND-DQN,4,10269,284.0
RND-DQN,4,10479,210.0
RND-DQN,4,10668,189.0
RND-DQN,4,10866,198.0
RND-DQN,4,11124,258.0
RND-DQN,4,11346,222.0
RND-DQN,4,11530,184.0
RND-DQN,4,11719,189.0
RND-DQN,4,11893,174.0
RND-DQN,4,12192,299.0
RND-DQN,4,12366,174.0
RND-DQN,4,12537,171.0
RND-DQN,4,12776,239.0
RND-DQN,4,13107,331.0
RND-DQN,4,13320,213.0
RND-DQN,4,13553,233.0
RND-DQN,4,13888,335.0
RND-DQN,4,14123,235.0
RND-DQN,4,14412,289.0
RND-DQN,4,14854,442.0
RND-DQN,4,15109,255.0
RND-DQN,4,15514,405.0
RND-DQN,4,15745,231.0
RND-DQN,4,15924,179.0
RND-DQN,4,16181,257.0
RND-DQN,4,16448,267.0
RND-DQN,4,16636,188.0
RND-DQN,4,16905,269.0
RND-DQN,4,17143,238.0
RND-DQN,4,17335,192.0
RND-DQN,4,17513,178.0
RND-DQN,4,17726,213.0
RND-DQN,4,17907,181.0
RND-DQN,4,18088,181.0
RND-DQN,4,18273,185.0
RND-DQN,4,18465,192.0
RND-DQN,4,18666,201.0
RND-DQN,4,18861,195.0
RND-DQN,4,19100,239.0
RND-DQN,4,19337,237.0
RND-DQN,4,19563,226.0
RND-DQN,4,19766,203.0
